extraction_number,paper,subject,predicate,object,source_section,confidence,passage,sentence_ref,source_file,page_number
115,indigenous_plant_utilization,Chalta,IS_USED_AS,Leaves,Page 7,High,(Chalta)-[IS_USED_AS]->(Leaves),"<Chalta Dillenia indica Linn. Dilleniaceae Tree Leaves, flower, fruit Vegetables and pickles>",Indigenous Plant Utilization and Farming System of Garo Tribe in North-East Bangladesh - a Means of Sustainable Biodiversity Conservation.pdf,7
117,indigenous_plant_utilization,Chalta,IS_USED_AS,Fruit,Page 7,High,(Chalta)-[IS_USED_AS]->(Fruit),"<Chalta Dillenia indica Linn. Dilleniaceae Tree Leaves, flower, fruit Vegetables and pickles>",Indigenous Plant Utilization and Farming System of Garo Tribe in North-East Bangladesh - a Means of Sustainable Biodiversity Conservation.pdf,7
118,indigenous_plant_utilization,Chalta,IS_USED_AS,Vegetables,Page 7,High,(Chalta)-[IS_USED_AS]->(Vegetables),"<Chalta Dillenia indica Linn. Dilleniaceae Tree Leaves, flower, fruit Vegetables and pickles>",Indigenous Plant Utilization and Farming System of Garo Tribe in North-East Bangladesh - a Means of Sustainable Biodiversity Conservation.pdf,7
119,indigenous_plant_utilization,Kachu,IS_USED_AS,Root,Page 7,High,(Kachu)-[IS_USED_AS]->(Root),<Kachu Colacasia esculenta Schott. Araceae Herb Root and leaves Vegetables>,Indigenous Plant Utilization and Farming System of Garo Tribe in North-East Bangladesh - a Means of Sustainable Biodiversity Conservation.pdf,7
120,indigenous_plant_utilization,Kachu,IS_USED_AS,Leaves,Page 7,High,(Kachu)-[IS_USED_AS]->(Leaves),<Kachu Colacasia esculenta Schott. Araceae Herb Root and leaves Vegetables>,Indigenous Plant Utilization and Farming System of Garo Tribe in North-East Bangladesh - a Means of Sustainable Biodiversity Conservation.pdf,7
121,indigenous_plant_utilization,Kachu,IS_USED_AS,Vegetables,Page 7,High,(Kachu)-[IS_USED_AS]->(Vegetables),<Kachu Colacasia esculenta Schott. Araceae Herb Root and leaves Vegetables>,Indigenous Plant Utilization and Farming System of Garo Tribe in North-East Bangladesh - a Means of Sustainable Biodiversity Conservation.pdf,7
122,indigenous_plant_utilization,Kanthal,IS_USED_AS,Inflorescence,Page 7,High,(Kanthal)-[IS_USED_AS]->(Inflorescence),<Kanthal Artocarpus heterophyllus Lamk. Moraceae Tree Inflorescence and seeds Vegetables and pickles>,Indigenous Plant Utilization and Farming System of Garo Tribe in North-East Bangladesh - a Means of Sustainable Biodiversity Conservation.pdf,7
123,indigenous_plant_utilization,Kanthal,IS_USED_AS,Seeds,Page 7,High,(Kanthal)-[IS_USED_AS]->(Seeds),<Kanthal Artocarpus heterophyllus Lamk. Moraceae Tree Inflorescence and seeds Vegetables and pickles>,Indigenous Plant Utilization and Farming System of Garo Tribe in North-East Bangladesh - a Means of Sustainable Biodiversity Conservation.pdf,7
124,indigenous_plant_utilization,Kanthal,IS_USED_AS,Vegetables,Page 7,High,(Kanthal)-[IS_USED_AS]->(Vegetables),<Kanthal Artocarpus heterophyllus Lamk. Moraceae Tree Inflorescence and seeds Vegetables and pickles>,Indigenous Plant Utilization and Farming System of Garo Tribe in North-East Bangladesh - a Means of Sustainable Biodiversity Conservation.pdf,7
125,indigenous_plant_utilization,Kola,IS_USED_AS,InnerStem,Page 7,High,(Kola)-[IS_USED_AS]->(InnerStem),"<Kola Musa spp. Musaceae Herb Inner stem, flower, Vegetables>",Indigenous Plant Utilization and Farming System of Garo Tribe in North-East Bangladesh - a Means of Sustainable Biodiversity Conservation.pdf,7
126,indigenous_plant_utilization,Kola,IS_USED_AS,Flower,Page 7,High,(Kola)-[IS_USED_AS]->(Flower),"<Kola Musa spp. Musaceae Herb Inner stem, flower, Vegetables>",Indigenous Plant Utilization and Farming System of Garo Tribe in North-East Bangladesh - a Means of Sustainable Biodiversity Conservation.pdf,7
127,indigenous_plant_utilization,Kola,IS_USED_AS,Vegetables,Page 7,High,(Kola)-[IS_USED_AS]->(Vegetables),"<Kola Musa spp. Musaceae Herb Inner stem, flower, Vegetables>",Indigenous Plant Utilization and Farming System of Garo Tribe in North-East Bangladesh - a Means of Sustainable Biodiversity Conservation.pdf,7
128,indigenous_plant_utilization,MatiAlo,IS_USED_AS,Root,Page 7,High,(MatiAlo)-[IS_USED_AS]->(Root),<Mati alo Dioscorea bulbifera Linn. Dioscoreaceae Herb Root Vegetables>,Indigenous Plant Utilization and Farming System of Garo Tribe in North-East Bangladesh - a Means of Sustainable Biodiversity Conservation.pdf,7
130,indigenous_plant_utilization,MuliBansh,IS_USED_AS,Leaves,Page 7,High,(MuliBansh)-[IS_USED_AS]->(Leaves),<Muli bansh Melocanna baccifera (Roxb.) Kurz Graminae Bamboo Young shoots and leaves Vegetables>,Indigenous Plant Utilization and Farming System of Garo Tribe in North-East Bangladesh - a Means of Sustainable Biodiversity Conservation.pdf,7
131,indigenous_plant_utilization,MuliBansh,IS_USED_AS,Vegetables,Page 7,High,(MuliBansh)-[IS_USED_AS]->(Vegetables),<Muli bansh Melocanna baccifera (Roxb.) Kurz Graminae Bamboo Young shoots and leaves Vegetables>,Indigenous Plant Utilization and Farming System of Garo Tribe in North-East Bangladesh - a Means of Sustainable Biodiversity Conservation.pdf,7
