extraction_number,paper,subject,predicate,object,source_section,confidence,passage,sentence_ref
1,paper1,GaroCommunityMembers,WILLINGNESS_TO_PROTECT_LANGUAGE,ProtectTheirLanguage,Page 1,High,(GaroCommunityMembers)-[:WILLINGNESS_TO_PROTECT_LANGUAGE]->(ProtectTheirLanguage),"Finally, it can be said that the strong willingness of Garo community members to protect their language is helping them to keep alive their mother tongue despite having lots of pressure from Bangla and English language."" (P. 120-141)"
2,paper1,EthnicCommunityInBangladesh,PRESSURE_FROM_NATURAL_LANGLANGUAGES,TendencyToShiftFromMandiToBangla,Page 1,High,(EthnicCommunityInBangladesh)-[:PRESSURE_FROM_NATURAL_LANGLANGUAGES]->(TendencyToShiftFromMandiToBangla),"Despite the pressure of national language Bangla, it is mentioned that Garo community members are trying to maintain their mother tongue."" (P. 120-141)"
3,paper1,University of Chittagong,AFFILIATED_WITH,Institute of Modern Language,Page 1,High,(University of Chittagong)-[:AFFILIATED_WITH]->(Institute of Modern Language),"1 Associate Professor, Institute of Modern Language, University of Chittagong, Bangladesh."" (Page X)"
4,paper1,Farzana Chowdhury,ROLE,Associate Professor,Page 1,High,(Farzana Chowdhury)-[:ROLE]->(Associate Professor),"1 Associate Professor, Institute of Modern Language, University of Chittagong, Bangladesh."" (Page X)"
5,paper1,City University,AFFILIATED_WITH,Lecturer,Page 1,High,(City University)-[:AFFILIATED_WITH]->(Lecturer),"2 Lecturer, Department of English, City University, Savar, Dhaka, Bangladesh."" (Page X)"
6,paper1,Jiniyabhoratybd,ROLE,Lecturer,Page 1,High,(Jiniyabhoratybd)-[:ROLE]->(Lecturer),"2 Lecturer, Department of English, City University, Savar, Dhaka, Bangladesh."" (Page X)"
7,paper1,Bangla,BEING_SPOKEN_AS_FIRST_LANGUAGE,Population of Bangladesh,Page 2,High,(Bangla)-[:BEING_SPOKEN_AS_FIRST_LANGUAGE]->(Population of Bangladesh),In Bangladesh...
8,paper1,War_Jaintia,BELONG_TO,Austro_Asiatic_family,Page 2,High,(War_Jaintia)-[:BELONG_TO]->(Austro_Asiatic_family),War-Jaintia belong to the Austro-Asiatic family...
9,paper1,Kurux,SPEAK,Dravidian_languages,Page 2,High,(Kurux)-[:SPEAK]->(Dravidian_languages),War-Jaintia belong to the Austro-Asiatic family...
10,paper1,Garo,SPEAK_AS_FIRST_LANGUAGE,GaroCommunity,Page 2,High,(Garo)-[:SPEAK_AS_FIRST_LANGUAGE]->(GaroCommunity),"In Bangladesh, almost 98% of people speak Bangla as their first language..."
11,paper1,Rakhine Speakers,USE_MOTHER_TONGUE,Meitei Neighbors,Page 2,High,(Rakhine Speakers)-[:USE_MOTHER_TONGUE]->(Meitei Neighbors),In a survey of Meitei speakers...
12,paper1,Santali Speakers,USE_MOTHER_TONGUE,SantaliCommunity,Page 2,High,(Santali Speakers)-[:USE_MOTHER_TONGUE]->(SantaliCommunity),In a survey of Santali speakers...
13,paper1,Bishnupriya Speakers,USE_MOTHER_TONGUE,War_Jaintia,Page 2,High,(Bishnupriya Speakers)-[:USE_MOTHER_TONGUE]->(War_Jaintia),In a survey of War_Jaintia speakers...
14,paper1,Tolemy,MENTIONED,GaroCommunity,Page 2,High,(Tolemy)-[:MENTIONED]->(GaroCommunity),"It was Tolemi who first mentioned the name Garo in 200 A.D."" (Page X)"
15,paper1,Garo,ARE_KNOWN_AS,Umar Puj,Page 1,High,(Garo)-[:ARE_KNOWN_AS]->(Umar Puj),Umar puj’ and its inhabitants as Garoini.
16,paper1,Garo,ORIGINATE_FROM,Hills,Page 2,High,(Garo)-[:ORIGINATE_FROM]->(Hills),"Playfair (1998) mentioned that the Gara or Ganching subtribe first received their appellation of 'Gara',..."
17,paper1,Garo,HAS_GROUPS,"Lamdani, Achick",Page 3,High,"(Garo)-[:HAS_GROUPS]->(Lamdani, Achick)","Das and Islam (2005) believe that there are two basic groups among the Garo, namely, ‘Lamdani’ or ‘Plain Garo’ and ‘Achick’ or Hill Garo."
18,paper1,Garo,ORIGINATE_FROM,Tibet,Page 4,High,(Garo)-[:ORIGINATE_FROM]->(Tibet),"According to the Banglapedia (National Encyclopedia of Bangladesh), the antecedent home of Garo is located in the Xinjiang province, north-west of China. They left that place several thousand years ago and migrated to Tibet."
19,paper1,Garo,ORIGINATE_FROM,Northern Bangladesh,Page 5,High,(Garo)-[:ORIGINATE_FROM]->(Northern Bangladesh),Then they moved again to the north-eastern Indian Hill tracts and northern Bangladesh about 4500 years ago.
20,paper1,Garo,ORIGINATE_FROM,Greater Mymensingh area,Page 6,High,(Garo)-[:ORIGINATE_FROM]->(Greater Mymensingh area),"And finally, they migrated to the greater Mymensingh area and established a small feudal kingdom there."
21,paper1,Garo,HAVE_POPULATION,"150,000",Page 7,High,"(Garo)-[:HAVE_POPULATION]->(150,000)","In Bangladesh, the Garo population is nearly 150,000..."
22,paper1,Garo,FOLLOW_RELIGION,Christianity,Page 8,High,(Garo)-[:FOLLOW_RELIGION]->(Christianity),"The Garo ethnic community is living in Mymensingh and the highest number of Garo of Mymensingh is noticeable in Haluaghat, Netrokona, Mymensing, and Modhupur."
23,paper1,Garo,LIVE IN,Mymensingh,Page 9,High,(Garo)-[:LIVE IN]->(Mymensingh),"They also live in scattered ways in Sherpur, Tangail, and Jamalpur districts."
24,paper1,Garo,HAS_DIALECTS,"A’beng, A’tong, A’we, Chisak, Matchi, Dual, Ganching, Chibok",Page 10,High,"(Garo)-[:HAS_DIALECTS]->(A’beng, A’tong, A’we, Chisak, Matchi, Dual, Ganching, Chibok)","They have eight dialects such as A’beng, A’tong, A’we, Chisak, Matchi, Dual, Ganching (also known as Gara), and Chibok."
25,paper1,Garo,SPEAK,A’beng,Page 11,High,(Garo)-[:SPEAK]->(A’beng),Though most of the Garo people of plain land speak A’beng...
26,paper1,Garo,USE,Roman alphabet,Page 12,High,(Garo)-[:USE]->(Roman alphabet),...they understand other dialects as well. The Garo in Bangladesh call their language ‘Mandi khusik’...
27,paper1,Garo,CALL THEIR LANGUAGE,Mandi,Page 13,High,(Garo)-[:CALL THEIR LANGUAGE]->(Mandi),They use the Roman alphabet as they do not have their own script.
28,paper1,Garo,USE,Bangla words and sentence structure,Page 14,High,(Garo)-[:USE]->(Bangla words and sentence structure),Burling (1963) and Burling (2004) assert that Mandi bears a substantial linguistic impact from the Bangla language...
29,paper1,Garo,CALL THEM,Mandi,Page 15,High,(Garo)-[:CALL THEM]->(Mandi),"...They call each other Mandi, while mainstream society, foreigners, and writers prefer to call them Garo."
30,paper1,Garo,LANGUAGE,Garo language,Page 16,High,(Garo)-[:LANGUAGE]->(Garo language),"For that reason, it is found that the Garo language..."
31,paper1,Mandi,IS_KNOWN_AS,Garo,Page 3,High,(Mandi)-[:IS_KNOWN_AS]->(Garo),"They prefer to call them Mandi, while mainstream society..."" (Page not provided)"
32,paper1,Garo,HAVE WRITTEN_ABOUT,Garo language,Page 122,High,(Garo)-[:HAVE WRITTEN_ABOUT]->(Garo language),This study uses both the Garo language and Mandi as the language of the Garo community in Bangladesh.
33,paper1,Mandi,BEHAVE_SOMEWHAT SIMILAR_TO,Garo,Page 122,High,(Mandi)-[:BEHAVE_SOMEWHAT SIMILAR_TO]->(Garo),"For that reason, it is found that the Garo language and Garo people have been written in published articles..."
34,paper1,GaroLanguage,HISTORY,OriginOfTheLanguage,Page 4,High,(GaroLanguage)-[:HISTORY]->(OriginOfTheLanguage),"Burling (1963) first wrote on the Garo people of greater Mymensingh, but his study was anthropological. In his studies, he mentioned only the history of the origin of the Garo language."" (3)"
35,paper1,GaroCommunity,BELONGINGTOETHNICGROUP,SharedIdentityAndCulture,Page 4,High,(GaroCommunity)-[:BELONGINGTOETHNICGROUP]->(SharedIdentityAndCulture),"Ellen Bal is a famous researcher on the Garo people; she wrote a book named They Ask If We Eat Frogs. In the first part, she mentions some ethnic community based discourses that were used in the post-colonial era, how other people named them Garo, frog eaters, primitive and islanders and also how Garo people define themselves in their opinion."" (3)"
36,paper1,GaroCommunity,MARRIAGESYSTEM,TraditionalMarriage,Page 4,High,(GaroCommunity)-[:MARRIAGESYSTEM]->(TraditionalMarriage),"In the third section, she described how ethnogenesis, the arrival of Christian missionaries, and then the introduction of Christianity influenced Garo's self-perception and group formation. Islam (2008) also focuses on the origin and history of Garo cultural characteristics, specifically Garo marriage rituals."" (3)"
37,paper1,GaroCommunity,CULTURALPATTERN,EthnicCommunity,Page 4,High,(GaroCommunity)-[:CULTURALPATTERN]->(EthnicCommunity),"In the same way, there are some other studies conducted on the Garo community in Bangladesh that explore the psychosocial dimension of ethnicity (Das & Islam,2005); marriage rituals (Islam, 2008); religious rituals and worldview (Khaleque,1983); family structure and cultural patterns (Sattar & Jalil, 2002)."" (4)"
38,paper1,MandiLanguage,LINGUISTICFEATURE,VocabularyOfMandi,Page 4,High,(MandiLanguage)-[:LINGUISTICFEATURE]->(VocabularyOfMandi),"Kim et al. (2010) mentioned the linguistic variation within and among each of these six varieties of Mandi languages investigating attitudes of Mandi speakers towards their own varieties."" (5)"
39,paper1,MandiLanguage,WORKED_ON,Grammar and Lexicon,Page 4,High,(MandiLanguage)-[:WORKED_ON]->(Grammar and Lexicon),"Burling (2003 & 2004) worked on the grammar..."" (Line 2)"
40,paper1,KimEtAl,MENTIONS,Linguistic Variation within and among Mandi Languages,Page 4,High,(KimEtAl)-[:MENTIONS]->(Linguistic Variation within and among Mandi Languages),"Kim et al. (2010) mentioned..."" (Line 3)"
41,paper1,GaroCommunities,HAVE_STRUGGLED,Maintaining their Language,Page 4,High,(GaroCommunities)-[:HAVE_STRUGGLED]->(Maintaining their Language),"Garo communities have struggled..."" (Line 4)"
42,paper1,Issue,HAS_NOT BEEN MENTIONED,Previous Research on Research Papers,Page 4,High,(Issue)-[:HAS_NOT BEEN MENTIONED]->(Previous Research on Research Papers),"This particular issue has not been mentioned..."" (Line 5)"
43,paper1,Research,ATTEMPTS_TO_EXPLORE,Exploration of Language Maintenance and Transmission,Page 4,High,(Research)-[:ATTEMPTS_TO_EXPLORE]->(Exploration of Language Maintenance and Transmission),"This research attempts to explore..."" (Line 6)"
44,paper1,GaroLanguage,KNEW_AS,Language_Maintained_by_Garo_Community_Members_in_Bangladesh,Page 5,High,(GaroLanguage)-[:KNEW_AS]->(Language_Maintained_by_Garo_Community_Members_in_Bangladesh),"The Chittagong University Journal of Social Sciences"" (Page X)"
45,paper1,Language_Maintenance,DEFINED_AS,Continuing_Use_Direction,Page 5,High,(Language_Maintenance)-[:DEFINED_AS]->(Continuing_Use_Direction),"The Chittagong University Journal of Social Sciences"" (Page X)"
46,paper1,Study_Research,FOCUSED_ON,Extent_of_Language_Use_in_Garo_Community_in_Bangladesh,Page 5,High,(Study_Research)-[:FOCUSED_ON]->(Extent_of_Language_Use_in_Garo_Community_in_Bangladesh),"The Chittagong University Journal of Social Sciences"" (Page X)"
47,paper1,Fishman,USED_TO_INVESTIGATE,Domain_Approach,Page 5,High,(Fishman)-[:USED_TO_INVESTIGATE]->(Domain_Approach),"Theoretical_Framework"" (Page X)"
48,paper1,Pauwels,DISCUSSED,Language_Maintenance_and_Ethnic_Community_Language,Page 5,High,(Pauwels)-[:DISCUSSED]->(Language_Maintenance_and_Ethnic_Community_Language),"Theoretical_Framework"" (Page X)"
49,paper1,Domains,MENTIONED_AS_EFFECTIVE INMAINTENANCE_LOCATIONS,"Family, Friendship, Church, Clubs, Work, Transactional_Domain, Ethnic_Press, Radio, Television, Video, Libraries",Page 5,High,"(Domains)-[:MENTIONED_AS_EFFECTIVE INMAINTENANCE_LOCATIONS]->(Family, Friendship, Church, Clubs, Work, Transactional_Domain, Ethnic_Press, Radio, Television, Video, Libraries)","Theoretical_Framework"" (Page X)"
50,paper1,Subject,PREDICATE,Object,Page 1,High,(Subject)-[:PREDICATE]->(Object),GaroWomen are known as skilled beauticians in Bangladesh because they socialise easily with Bengali friends.
51,paper1,GaroWomen,ARE_KNOWN_AS,Home/Family,Page 124,High,(GaroWomen)-[:ARE_KNOWN_AS]->(Home/Family),"home/family, friends and neighbours..."
52,paper1,GaroWomen,ARE_KNOWN_AS,Friends,Page 124,High,(GaroWomen)-[:ARE_KNOWN_AS]->(Friends),"home/family, friends and neighbours..."
53,paper1,GaroWomen,ARE_KNOWN_AS,Neighbours,Page 124,High,(GaroWomen)-[:ARE_KNOWN_AS]->(Neighbours),"home/family, friends and neighbours..."
54,paper1,GaroWomen,ARE_KNOWN_AS,Education,Page 124,High,(GaroWomen)-[:ARE_KNOWN_AS]->(Education),"home/family, friends and neighbours..."
55,paper1,GaroWomen,ARE_KNOWN_AS,Religion,Page 124,High,(GaroWomen)-[:ARE_KNOWN_AS]->(Religion),"home/family, friends and neighbours..."
56,paper1,GaroWomen,ARE_KNOWN_AS,Secular Community Groups,Page 124,High,(GaroWomen)-[:ARE_KNOWN_AS]->(Secular Community Groups),"home/family, friends and neighbours..."
57,paper1,GaroWomen,ARE_KNOWN_AS,Work,Page 124,High,(GaroWomen)-[:ARE_KNOWN_AS]->(Work),"work, transactional domain..."
58,paper1,GaroWomen,ARE_KNOWN_AS,Transactional Domain,Page 124,High,(GaroWomen)-[:ARE_KNOWN_AS]->(Transactional Domain),"work, transactional domain..."
59,paper1,GaroWomen,ARE_KNOWN_AS,Ethnic Press,Page 124,High,(GaroWomen)-[:ARE_KNOWN_AS]->(Ethnic Press),libraries. They all discovered...
60,paper1,GaroWomen,ARE_KNOWN_AS,Radio,Page 124,High,(GaroWomen)-[:ARE_KNOWN_AS]->(Radio),libraries. They all discovered...
61,paper1,GaroWomen,ARE_KNOWN_AS,Television,Page 124,High,(GaroWomen)-[:ARE_KNOWN_AS]->(Television),libraries. They all discovered...
62,paper1,GaroWomen,ARE_KNOWN_AS,Video,Page 124,High,(GaroWomen)-[:ARE_KNOWN_AS]->(Video),libraries. They all discovered...
63,paper1,GaroWomen,ARE_KNOWN_AS,SkilledBeauticians,Page 16,High,(GaroWomen)-[:ARE_KNOWN_AS]->(SkilledBeauticians),"However, some families are taking individual initiatives to organise religious programs and rituals in Mandi at their home every Sunday, which day is only a great day to maintain the Mandi language in the religious domain. This also proves the willingness of participants to preserve their language by using it in religious practices."" (Page X)"
64,paper1,GaroWomen,LIVING_LOCATION,Bangladesh,Page 1,High,(GaroWomen)-[:LIVING_LOCATION]->(Bangladesh),Language maintenance among Garo community members in Bangladesh
65,paper1,GaroWomen,USED_LANGUAGE_IN,"Family,Friendship,Religious,MEDIA",Page 1,High,"(GaroWomen)-[:USED_LANGUAGE_IN]->(Family,Friendship,Religious,MEDIA)",Language use of the informants of this study in the religious and media domain is also brought into consideration to explore the extent of language maintenance among the Garo community in Bangladesh.
66,paper1,GaroWomen,RESEARCH AIM,Language Maintenance Among Garo Community Members,Page 6,High,(GaroWomen)-[:RESEARCH AIM]->(Language Maintenance Among Garo Community Members),"This study aims to examine language maintenance and the factors associated with it among Garo community members using in-depth qualitative research methods."" (Page 5.1)"
67,paper1,GaroWomen,STUDY_LOCATION,"Bengal Mainstream Community, Mandi Stream Community",Page 6,High,"(GaroWomen)-[:STUDY_LOCATION]->(Bengal Mainstream Community, Mandi Stream Community)","This research has been conducted on two different places in Bangladesh: Haluaghat thana which is located near the Bengali mainstream community and Phulpur thana which is located near the Mandi stream community."" (Page 5.1)"
68,paper1,GaroWomen,PARTICIPANTS,Around 19 Garo Members from Two Different Regions in Mymensingh Division,Page 6,High,(GaroWomen)-[:PARTICIPANTS]->(Around 19 Garo Members from Two Different Regions in Mymensingh Division),"For the current research, around 19 Garo members from two different regions in the Mymensingh division are randomly chosen using the snowball technique."" (Page 5.1)"
69,paper1,GaroWomen,AGES,20-90 Years Old,Page 6,High,(GaroWomen)-[:AGES]->(20-90 Years Old),"Of 19 participants, about ten are female and nine are male, with ages varying from twenty to ninety years old (see Appendix 1)."" (Page 5.1)"
70,paper1,Subjects,ARE,Participants,Page 6,High,(Subjects)-[:ARE]->(Participants),"ipants, about ten are female and nine are male..."" (Appendix 1)"
71,paper1,Subjects,DIVIDED INTO,Participants,Page 6,High,(Subjects)-[:DIVIDED INTO]->(Participants),"Participants are divided into two age groups..."" (Appendix 1)"
72,paper1,Subjects,EXPLAIN WHY,Age group 35+,Page 6,High,(Subjects)-[:EXPLAIN WHY]->(Age group 35+),"This is because 35 and above age group is significant due to the factors like career progression, lifestyle choices, family planning, and health concerns."" (Appendix 1)"
73,paper1,Subjects,NUMBER_OF_PARTICIPANTS,Nine,Page 6,High,(Subjects)-[:NUMBER_OF_PARTICIPANTS]->(Nine),"Six females and three males are..."" (Appendix 1)"
74,paper1,Chittagong University Journal of Social Sciences,ARE_COLLECTED,Participants from Phulpur Thana and Haluaghat Thana,Page 7,High,(Chittagong University Journal of Social Sciences)-[:ARE_COLLECTED]->(Participants from Phulpur Thana and Haluaghat Thana),"Participants are also included from different professional groups..."" (Page X)"
75,paper1,Chittagong University Journal of Social Sciences,USE_DATA_COLLECTION_METHODS,Semi-structured interviews,Page 7,High,(Chittagong University Journal of Social Sciences)-[:USE_DATA_COLLECTION_METHODS]->(Semi-structured interviews),"After that, data were transcribed and coded according to the themes..."" (Page X)"
76,paper1,Chittagong University Journal of Social Sciences,USE_DATA_ANALYSIS_METHOD,Thematic analysis,Page 7,High,(Chittagong University Journal of Social Sciences)-[:USE_DATA_ANALYSIS_METHOD]->(Thematic analysis),"Finally, thematic analysis is used in analyzing and discussing the data."" (Page X)"
77,paper1,Chittagong University Journal of Social Sciences,RELEVANT_DOMAIN,Family domain,Page 7,High,(Chittagong University Journal of Social Sciences)-[:RELEVANT_DOMAIN]->(Family domain),"This section presents how and to what extent participants use language..."" (Page X)"
78,paper1,Chittagong University Journal of Social Sciences,RELEVANT_DOMAIN,Friendship domain,Page 7,High,(Chittagong University Journal of Social Sciences)-[:RELEVANT_DOMAIN]->(Friendship domain),"For example, the official language in Bangladesh is Bangla..."" (Page X)"
79,paper1,Chittagong University Journal of Social Sciences,RELEVANT_DOMAIN,Religious domain,Page 7,High,(Chittagong University Journal of Social Sciences)-[:RELEVANT_DOMAIN]->(Religious domain),"This section presents how and to what extent participants use language..."" (Page X)"
80,paper1,Chittagong University Journal of Social Sciences,RELEVANT_DOMAIN,Media domain,Page 7,High,(Chittagong University Journal of Social Sciences)-[:RELEVANT_DOMAIN]->(Media domain),"For example, the official language in Bangladesh is Bangla..."" (Page X)"
81,paper1,Garo community people,PREFERRED_LANGUAGE,Bangla,Page 7,High,(Garo community people)-[:PREFERRED_LANGUAGE]->(Bangla),"However, work and education domains are integrated into the discussion of friendship domain."" (Page X)"
82,paper1,GaroWomen,CAN_NOT_USE_GARO_AT_WORK,CannotSpeakInWorkplaces,Page 126,High,(GaroWomen)-[:CAN_NOT_USE_GARO_AT_WORK]->(CannotSpeakInWorkplaces),language in Bangladesh is Bangla and Garo community people are not able to speak in Garo at their work places.
83,paper1,WorkAndEducationIntegratedIntoFriendships,INTEGRATED_WITH_EDUCATION,FriendshipDiscussions,Page 126,High,(WorkAndEducationIntegratedIntoFriendships)-[:INTEGRATED_WITH_EDUCATION]->(FriendshipDiscussions),work and education domains are integrated into the discussion of friendship domain.
84,paper1,GaroWomen,USE,MandiLanguage,Page 3,High,(GaroWomen)-[:USE]->(MandiLanguage),Example 1(M1)
85,paper1,Parents,USE,MandiLanguage,Page 3,High,(Parents)-[:USE]->(MandiLanguage),Example 1(M1)
86,paper1,Grandparents,PREFERRED_LANGUAGE,MandiLanguage,Page 6,High,(Grandparents)-[:PREFERRED_LANGUAGE]->(MandiLanguage),"Chowdhury & Sol, 2021; Clyne,1991; Clyne & Kipp, 1999; Pauwels, 1986; Pütz, 1999"
87,paper1,Children,LEARN,BanglaLanguage,Page 6,High,(Children)-[:LEARN]->(BanglaLanguage),"Chowdhury & Sol, 2021; Clyne,1991; Clyne & Kipp, 1999; Pauwels, 1986; Pütz, 1999"
88,paper1,FamilyMembers,USE,MandiLanguage,Page 6,High,(FamilyMembers)-[:USE]->(MandiLanguage),"Chowdhury & Sol, 2021; Clyne,1991; Clyne & Kipp, 1999; Pauwels, 1986; Pütz, 1999"
89,paper1,Parents,TEACH,Grandparents,Page 6,High,(Parents)-[:TEACH]->(Grandparents),"Chowdhury & Sol, 2021; Clyne,1991; Clyne & Kipp, 1999; Pauwels, 1986; Pütz, 1999"
90,paper1,Children,STUDY,BanglaLanguage,Page 6,High,(Children)-[:STUDY]->(BanglaLanguage),"Chowdhury & Sol, 2021; Clyne,1991; Clyne & Kipp, 1999; Pauwels, 1986; Pütz, 1999"
91,paper1,FamilyMembers,PREFERRED_LANGUAGE,BanglaLanguage,Page 6,High,(FamilyMembers)-[:PREFERRED_LANGUAGE]->(BanglaLanguage),"Chowdhury & Sol, 2021; Clyne,1991; Clyne & Kipp, 1999; Pauwels, 1986; Pütz, 1999"
92,paper1,Grandparents,TEACH,Children,Page 6,High,(Grandparents)-[:TEACH]->(Children),"Chowdhury & Sol, 2021; Clyne,1991; Clyne & Kipp, 1999; Pauwels, 1986; Pütz, 1999"
93,paper1,Parents,KNOW,MandiLanguage,Page 6,High,(Parents)-[:KNOW]->(MandiLanguage),"Chowdhury & Sol, 2021; Clyne,1991; Clyne & Kipp, 1999; Pauwels, 1986; Pütz, 1999"
94,paper1,Children,LEARN,MandiLanguage,Page 6,High,(Children)-[:LEARN]->(MandiLanguage),"Chowdhury & Sol, 2021; Clyne,1991; Clyne & Kipp, 1999; Pauwels, 1986; Pütz, 1999"
95,paper1,Children,ARE_BEING_TAUGHT,Mandi_language,Page 8,High,(Children)-[:ARE_BEING_TAUGHT]->(Mandi_language),"Their mothers are trying to teach them the Mandi language."" (Page X)"
96,paper1,School-going_children,LEARNING,Bangla_language,Page 8,High,(School-going_children)-[:LEARNING]->(Bangla_language),"The school-going children are also learning Bangla language more than the Mandi language as they spend most of the time with..."" (Page X)"
97,paper1,Interview_data,PRESENTED_IN_TRANSLATED_FORM,using_serial_of_participants_in Appendix (Table A4,Page 8,High,(Interview_data)-[:PRESENTED_IN_TRANSLATED_FORM]->(using_serial_of_participants_in Appendix (Table A4),"3 Interview data is presented here in translated form using serial of participants mentioned in the Appendix (Table A4). M stands for Male participants, while F stands for Female participants."" (Page X)"
98,paper1,M,STANDS_FOR,Male,Page 8,High,(M)-[:STANDS_FOR]->(Male),"M stands for Male participants"" (Page X)"
99,paper1,F,STANDS_FOR,Female,Page 8,High,(F)-[:STANDS_FOR]->(Female),"F stands for Female participants"" (Page X)"
100,paper1,Bangla-speaking participants,USE_MANDI_WITH_SPAUSE,Mandi speakers,Page 9,High,(Bangla-speaking participants)-[:USE_MANDI_WITH_SPAUSE]->(Mandi speakers),"Around 15 participants speak with their spouse in Mandi except 4 participants where 3 males and 1 female; their age is above 35 and they are from higher educated class among the nineteen participants from two several villages (one village is close to the Bengali mainstream community and another village is close to the Mandi stream community)."" (Page X)"
101,paper1,Bangla-speaking participants,USE_MIXED_LANGUAGE_WITH_MANDI,Mandi speakers,Page 9,High,(Bangla-speaking participants)-[:USE_MIXED_LANGUAGE_WITH_MANDI]->(Mandi speakers),"Example 3 (M1): I try, but it gets mixed automatically with Bangla, Mandi, and English."" (Page X)"
102,paper1,Bangla-speaking participants,USE_MANDI_WITH_SIBLINGS,Mandi speakers,Page 9,High,(Bangla-speaking participants)-[:USE_MANDI_WITH_SIBLINGS]->(Mandi speakers),"All participants use Mandi language with their siblings. If children try to speak Bangla with their siblings as the school influences them, their mother consciously encourages their children not to speak Bangla with their siblings, but the situation is different when the parents are educated and live in a city."" (Page X)"
103,paper1,Bangla-speaking participants,USE_MANDI_WITH_GANDFATHERS,Mandi speakers,Page 9,High,(Bangla-speaking participants)-[:USE_MANDI_WITH_GANDFATHERS]->(Mandi speakers),"The findings of this study show that almost all interviewees speak the Mandi language with their grandparents because some said they do not understand Bangla very well. Mandi language maintenance is higher at 128"" (Page X)"
104,paper1,viewees,SPEAK,Mandi language,Page 9,High,(viewees)-[:SPEAK]->(Mandi language),"viewees speak the Mandi language with their grandparents because some said they do not understand Bangla very well."" (Page X)"
105,paper1,Mandi language,MAINTENANCE_IS_HIGHER,128,Page 9,High,(Mandi language)-[:MAINTENANCE_IS_HIGHER]->(128),"Mandi language maintenance is higher at 128."" (Page X)"
106,paper1,GaroCommunity,LANGUAGE_MAINTENANCE,MandiLanguage,Page 10,High,(GaroCommunity)-[:LANGUAGE_MAINTENANCE]->(MandiLanguage),"Language maintenance among Garo community members in Bangladesh home with grandparents in this study. Hence the low Bangla proficiency of grandparents facilitates Mandi language maintenance in the family domain."" (Page X)"
107,paper1,Highly_Educed_People,LANGUAGE_USE,Both_Mandi_and_Bangla,Page 10,High,(Highly_Educed_People)-[:LANGUAGE_USE]->(Both_Mandi_and_Bangla),"The findings of this study demonstrate that highly educated participants maintain their language in one way, and the people who are not literate or highly educated maintain their language differently. Around five highly educated participants speak both Mandi and Bangla even though they start with Mandi greetings and end conversations with Bangla."" (Page X)"
108,paper1,Mandi_Speakers,TRIED_TOSPEAK_IN_MANDI,Relatives,Page 10,High,(Mandi_Speakers)-[:TRIED_TOSPEAK_IN_MANDI]->(Relatives),"I try to speak Mandi with our relatives. If I talk to them in Bangla, our older relatives may assume that I am speaking to them in Bangla although I am a Mandi."" (Page X)"
109,paper1,Mandi_Speakers,USED_BANGLA_WITH_RELATIVES,End_conversation,Page 10,High,(Mandi_Speakers)-[:USED_BANGLA_WITH_RELATIVES]->(End_conversation),"However, they try to speak Mandi with their relatives who are old in age and have no literacy because they do not understand Bangla very well. The report,"" Example 6 (M1): I try to speak Mandi with our relatives. If I talk to them in Bangla, our older relatives may assume that I am speaking to them in Bangla although I am a Mandi."" (Page X)"
110,paper1,Mandy_Speakers,USE_REGIONAL_ACCENTS,Mymensingh_Dialect,Page 10,High,(Mandy_Speakers)-[:USE_REGIONAL_ACCENTS]->(Mymensingh_Dialect),"However, we try to use the standard Bangla language correctly when talking to our community's highly educated people. However, we cannot avoid the local Mymensingh accent in our conversation."" (Page X)"
111,paper1,Mandi_Speakers,ADAPT_LANGUAGE,Socio_Economic_Factors,Page 10,High,(Mandi_Speakers)-[:ADAPT_LANGUAGE]->(Socio_Economic_Factors),"The above example indicates that using Bangla with relatives might not be accepted positively in their communities. They think of it as part of disrespect when they are talking in another language with their relatives. They also recognise the influence of regional accents in using mainstream language in terms of education and socio-economic background."" (Page X)"
112,paper1,Using Bangla with relatives,ARE_KNOWN_AS,perceived negative acceptance,Page 129,High,(Using Bangla with relatives)-[:ARE_KNOWN_AS]->(perceived negative acceptance),line 1
113,paper1,using Bangla with relatives,ARE_KNOWN_AS,disrespect when talking in another language,Page 129,High,(using Bangla with relatives)-[:ARE_KNOWN_AS]->(disrespect when talking in another language),line 2
114,paper1,ExtendedFamilyAndRelatives,ARE_KNOWN_AS,MandiLanguagePreservers,Page 11,High,(ExtendedFamilyAndRelatives)-[:ARE_KNOWN_AS]->(MandiLanguagePreservers),"The interview data show that extended family and relatives help them to maintain the Mandi language in their communities."" (Page X)"
115,paper1,PeopleAged35OrAbove,PREFER,BanglaLanguage,Page 11,High,(PeopleAged35OrAbove)-[:PREFER]->(BanglaLanguage),"A high preference for using Mandi was found at home among people aged 35 or above."" (Page X)"
116,paper1,YoungGenerationsBelow35,TEND_TO_PREFER,BenglaLanguage,Page 11,High,(YoungGenerationsBelow35)-[:TEND_TO_PREFER]->(BenglaLanguage),"It is found that people aged below 35 tend to prefer Bangla at home, and in their opinion, no one speaks Mandi here..."" (Page X)"
117,paper1,Study,SUPPORTS,FindingsOfPreviousStudies,Page 11,High,(Study)-[:SUPPORTS]->(FindingsOfPreviousStudies),"The result of this study shows that most of the participants and users use and prefer Mandi language at home."" (Page X)"
118,paper1,VillagesNearMandiStreamCommunity,HIGHPREFERENCETOMANDILANGUAGE,BengaliMainstreamCommunity,Page 11,High,(VillagesNearMandiStreamCommunity)-[:HIGHPREFERENCETOMANDILANGUAGE]->(BengaliMainstreamCommunity),"However, the village near the big Mandi stream community still has a high preference to use Mandi compared to that village with the Bengali mainstream community."" (Page X)"
119,paper1,People above 35,HIGHER,Use and maintenance of Mandi language,Page 130,High,(People above 35)-[:HIGHER]->(Use and maintenance of Mandi language),The use and maintenance...
120,paper1,Villages near big Mandi stream,HIGHER.PREFERENCE,Preference for Mandi compared to villages with Bengali mainstream community,Page 130,High,(Villages near big Mandi stream)-[:HIGHER.PREFERENCE]->(Preference for Mandi compared to villages with Bengali mainstream community),The village near the big Mandi stream community still has a high preference to use Mandi compared to that village with the Bengali mainstream community.
121,paper1,Participants in Bengali mainstream community,HIGHER_CHANCE,Lose Mandi because their young generation knows Bangla better,Page 130,High,(Participants in Bengali mainstream community)-[:HIGHER_CHANCE]->(Lose Mandi because their young generation knows Bangla better),The participants who are living with the Bengali mainstream community have a high chance of losing their Mandi one day because their young generation knows Bangla better due to the influence of the mainstream Bangla language.
122,paper1,Participants,USES,"Mandi, Bangla and English Mixed",Page 12,High,"(Participants)-[:USES]->(Mandi, Bangla and English Mixed)",Example 7 (M1)
123,paper1,Participants,USES,Mandi,Page 12,High,(Participants)-[:USES]->(Mandi),Example 8 (F2)
124,paper1,Participants,USES,Bangla,Page 12,High,(Participants)-[:USES]->(Bangla),Example 11 (F3)
125,paper1,Participants,USES,Bengali,Page 12,High,(Participants)-[:USES]->(Bengali),Example 10 (M1)
126,paper1,Participants,USES,Mixed language including Bangla,Page 12,High,(Participants)-[:USES]->(Mixed language including Bangla),Example 12 (M4)
127,paper1,Participants,PREFERRED_LANGUAGE,Bangla,Page 12,High,(Participants)-[:PREFERRED_LANGUAGE]->(Bangla),Example 13(F5)
128,paper1,Participants,USES_LANGUAGE,Bangla,Page 13,High,(Participants)-[:USES_LANGUAGE]->(Bangla),"The above examples demonstrate that the participants use Bangla in their workplace."" (Page X)"
129,paper1,People living near Bengali community,HAVE_SOCIAL_NETWORK,Bengali and Mandi communities,Page 13,High,(People living near Bengali community)-[:HAVE_SOCIAL_NETWORK]->(Bengali and Mandi communities),"The interview data also describe that people who live near the Bengali mainstream community have a strong social network with both Bengali and Mandi communities."" (Page X)"
130,paper1,People in larger Mandi communities,HAVE_SOCIAL_NETWORK,Mandi community only,Page 13,High,(People in larger Mandi communities)-[:HAVE_SOCIAL_NETWORK]->(Mandi community only),"In contrast, the people who live in larger Mandi communities have a robust social network only with the members of the Mandi community."" (Page X)"
131,paper1,Informants,BEING_CONNECTED_TO,Mandi community,Page 13,High,(Informants)-[:BEING_CONNECTED_TO]->(Mandi community),"It is also noticeable here that the young generation is more involved in the community than the old generation when they live close to the Mandi concentrated areas. Mandi people love to stay with their community members, although it is always impossible due to their job purpose."" (Page X)"
132,paper1,Participants aged above 35,STAY_WITH_MANDICOLONUMENTS,Mandi areas,Page 13,High,(Participants aged above 35)-[:STAY_WITH_MANDICOLONUMENTS]->(Mandi areas),"Findings of this study show that the extent of using Mandi language in the social or friendship domain is not as high as in the family domain."" (Page X)"
133,paper1,Participants aged above 35,SPEAK_LITERALLY,Mandi with Mandi co-workers,Page 13,High,(Participants aged above 35)-[:SPEAK_LITERALLY]->(Mandi with Mandi co-workers),"Participants who do the job in capital or other different places across the country, their situation is like highly educated people who speak Bangla or English with their colleagues."" (Page X)"
134,paper1,Participants not living locally,SPEAK_BANGLA_OR_ENGLISH_WITH_COLLEAGUES,Mandi friends use Mandi,Page 13,High,(Participants not living locally)-[:SPEAK_BANGLA_OR_ENGLISH_WITH_COLLEAGUES]->(Mandi friends use Mandi),"If they have a Mandi colleague, they speak Mandi or if they talk with Mandi friends, they use Mandi language."" (Page X)"
135,paper1,Highly educated Mandi people,GREET_IN_MANDI,Workplace,Page 13,High,(Highly educated Mandi people)-[:GREET_IN_MANDI]->(Workplace),"This study further shows that participants who are aged below 35 spend their time with Mandi friends and communicate in Mandi if they live close to the Mandi concentrated areas, but they do not have difficulty in socialising with Bengali friends as almost all of them are bilingual."" (Page X)"
136,paper1,Younger generation,SPEAK_IN_MANDI_WITH_MANDI FRIENDS,Close to Bengali areas,Page 13,High,(Younger generation)-[:SPEAK_IN_MANDI_WITH_MANDI FRIENDS]->(Close to Bengali areas),"This study further shows that participants who are aged below 35 spend their time with Mandi friends and communicate in Mandi if they live close to the Mandi concentrated areas, but they do not have difficulty in socialising with Bengali friends as almost all of them are bilingual."" (Page X)"
137,paper1,Younger generation,ALMOST_BILINGUAL,Close to Bengali areas,Page 13,High,(Younger generation)-[:ALMOST_BILINGUAL]->(Close to Bengali areas),"This study further shows that participants who are aged below 35 spend their time with Mandi friends and communicate in Mandi if they live close to the Mandi concentrated areas, but they do not have difficulty in socialising with Bengali friends as almost all of them are bilingual."" (Page X)"
138,paper1,Younger generation,SPEAK_IN_MANDI_WITH_MANDI FRIENDS,Not near Bengali areas,Page 13,High,(Younger generation)-[:SPEAK_IN_MANDI_WITH_MANDI FRIENDS]->(Not near Bengali areas),"Findings of this study show that the extent of using Mandi language in the social or friendship domain is not as high as in the family domain."" (Page X)"
139,paper1,GaroWomen,ARE(INTERACTION MOSTLY IN),Bangla,Page 1,High,(GaroWomen)-[:ARE(INTERACTION MOSTLY IN)]->(Bangla),Language maintenance among Garo community members...
140,paper1,GaroWomen,BECOME_FLUENTS_IN,Mandi,Page 1,High,(GaroWomen)-[:BECOME_FLUENTS_IN]->(Mandi),"They have to use Bangla throughout the entire school time, eventually making them fluent in Bangla rather than Mandi."
141,paper1,GaroWomen,SOCIAL_NETWORK_FILLED_WITH,Bengali_people,Page 1,High,(GaroWomen)-[:SOCIAL_NETWORK_FILLED_WITH]->(Bengali_people),As their children go to mainstream schools where the medium of instruction is Bangla...
142,paper1,GaroWomen,ARE_CONSCIOUS_OF_USING,Mandi,Page 1,High,(GaroWomen)-[:ARE_CONSCIOUS_OF_USING]->(Mandi),"Some parents, however, make them conscious of using Mandi while some have accepted the language shift to Bangla as usual..."
143,paper1,GaroWomen,ACCEPT_SHIFT_TO,Bangla,Page 1,High,(GaroWomen)-[:ACCEPT_SHIFT_TO]->(Bangla),"Some parents, however, make them conscious of using Mandi while some have accepted the language shift to Bangla as usual..."
144,paper1,GaroWomen,COMMUNITY_SUPPORT_FOR_RETAINING,Ethnic_language,Page 1,High,(GaroWomen)-[:COMMUNITY_SUPPORT_FOR_RETAINING]->(Ethnic_language),Language use in this domain proves the community support and willingness of the participants to retain their ethnic language despite the influence of mainstream language.
145,paper1,GaroWomen,NOT USED_IN,Mandi,Page 14,High,(GaroWomen)-[:NOT USED_IN]->(Mandi),"Mandi language is used neither in their religious institution nor their religious practices."" (Page 6.3)"
146,paper1,GaroWomen,NOT USED_IN,Religious_institutions,Page 14,High,(GaroWomen)-[:NOT USED_IN]->(Religious_institutions),"Mandi language is used neither in their religious institution nor their religious practices."" (Page 6.3)"
147,paper1,GaroWomen,NOT USED_IN,Religious_practices,Page 14,High,(GaroWomen)-[:NOT USED_IN]->(Religious_practices),"Mandi language is used neither in their religious institution nor their religious practices."" (Page 6.3)"
148,paper1,GaroWomen,USE,Bangla,Page 14,High,(GaroWomen)-[:USE]->(Bangla),"We use Mandi in our own way, but we use Bangla in performing our religious rituals and prayers."" (Page 6.3)"
149,paper1,We,DO,Prayers at our home,Page 14,High,(We)-[:DO]->(Prayers at our home),NO_REFERENCE
150,paper1,We,DO,Prayers in church,Page 14,High,(We)-[:DO]->(Prayers in church),NO_REFERENCE
151,paper1,We,USE,Bangla as prayer language,Page 14,High,(We)-[:USE]->(Bangla as prayer language),NO_REFERENCE
152,paper1,We,PREFER,Bangla over Mandi,Page 14,High,(We)-[:PREFER]->(Bangla over Mandi),NO_REFERENCE
153,paper1,Mandi,ARE_PRACTICED_LITTLE,We,Page 14,High,(Mandi)-[:ARE_PRACTICED_LITTLE]->(We),NO_REFERENCE
154,paper1,Mandi people,USE,Bangla,Page 15,High,(Mandi people)-[:USE]->(Bangla),Example 16 (F5)
155,paper1,Mandi people,USE,Evening prayers in Bangla,Page 15,High,(Mandi people)-[:USE]->(Evening prayers in Bangla),Example 17 (F6)
156,paper1,Mandi people,USE,Bangla script for religious purposes,Page 15,High,(Mandi people)-[:USE]->(Bangla script for religious purposes),Example 17 (F6)
157,paper1,Mandi,ARE_KNOWN_AS,Language,Page 15,High,(Mandi)-[:ARE_KNOWN_AS]->(Language),"performing religious activities, and they do it through their language, Mandi."" (Page X)"
158,paper1,Mandi,MENTIONED_IN,Maintenance,Page 15,High,(Mandi)-[:MENTIONED_IN]->(Maintenance),"To conclude, the maintenance of the Mandi language in the religious domain is very limited compared to the family domain and friendship domain."" (Page X)"
159,paper1,Clyne_and_Kipp_1999,STATE,Garot_Language_Proficiency,Page 16,High,(Clyne_and_Kipp_1999)-[:STATE]->(Garot_Language_Proficiency),"Clyne and Kipp (1999) state that media consumption significantly correlates with the second generation's community language proficiency level. In the case of the Garo language, they do not have rich audio, video documents, or other sources among the first generation."" (Page X)"
160,paper1,Garo_People,HAVE_LITERACY_RATE,90%,Page 16,High,(Garo_People)-[:HAVE_LITERACY_RATE]->(90%),"Garo people have a literacy rate of 90%, but it is based on the Bengali education system. Almost all Garo can speak Bangla and write their name in the Bangla language."" (Page X)"
161,paper1,Garo_People,CAN_SPEAK_AND_UNDERSTAND,Mandi_Language,Page 16,High,(Garo_People)-[:CAN_SPEAK_AND_UNDERSTAND]->(Mandi_Language),"Only one female interviewee aged above 35 said she could read and write Mandi, while other participants informed that they could not read and write their Mandi language."" (Page X)"
162,paper1,Garo_People,CANNOT_READ_AND_WRITE,Mandi_Language,Page 16,High,(Garo_People)-[:CANNOT_READ_AND_WRITE]->(Mandi_Language),"However, some families are taking individual initiatives to organise religious programs and rituals in Mandi at their home every Sunday, which day is only a great day to maintain the Mandi language in the religious domain. This also proves the willingness of participants to preserve their language by using it in religious practices."" (Page X)"
163,paper1,Garo_People,USE_SOCIAL_MEDIA,Preservation_of_Cultural_Diversity,Page 16,High,(Garo_People)-[:USE_SOCIAL_MEDIA]->(Preservation_of_Cultural_Diversity),"On Indigenous Day some cultural programs have been telecasted on BTV. Otherwise, they do not have media. It can be print media or soft media. Participants of this study argued that nowadays, some young generation aged below 35 are using social media like YouTube and Facebook and developing cultural groups based on Mandi language and culture to save their culture and language from extinction."" (Page X)"
164,paper1,Garo_People,CAN_READ_AND_WRITE,Mandi_Language,Page 16,High,(Garo_People)-[:CAN_READ_AND_WRITE]->(Mandi_Language),"One female interviewee aged above 35 said she could read and write Mandi, while other participants informed that they could not read and write their Mandi language."" (Page X)"
165,paper1,Mandi,CAN_NOT_READ_WRITE,Language,Page 1,High,(Mandi)-[:CAN_NOT_READ_WRITE]->(Language),could not read and write Mandi and also there were no resources to read and write Mandi.
166,paper1,Mandi,NO_RESOURCE_AVAIABLE,Reading_and_Writing_Skills,Page 1,High,(Mandi)-[:NO_RESOURCE_AVAIABLE]->(Reading_and_Writing_Skills),could not read and write Mandi and also there were no resources to read and write Mandi.
167,paper1,Mandi,NO_MORE_NOVEL_COLLEGE_WRITERS,Language,Page 2,High,(Mandi)-[:NO_MORE_NOVEL_COLLEGE_WRITERS]->(Language),No more novel column writers are found based on Mandi language.
168,paper1,Mandi,MAINTENANCE_IS_NOT_SATISFACTORY,Satisfactory,Page 3,High,(Mandi)-[:MAINTENANCE_IS_NOT_SATISFACTORY]->(Satisfactory),"In this domain, the maintenance of Mandi is not satisfactory because everyone wants to improve their Bangla language skills..."
169,paper1,Bangla_Language_skills,PROMOTED_VIA_GARO INITIATIVES,Literacy_rate_increased,Page 3,High,(Bangla_Language_skills)-[:PROMOTED_VIA_GARO INITIATIVES]->(Literacy_rate_increased),"In this domain, the maintenance of Mandi is not satisfactory because everyone wants to improve their Bangla language skills..."
170,paper1,LinguisticResearch,CONTRIBUTES_TO,Language_Maintenance,Page 7,High,(LinguisticResearch)-[:CONTRIBUTES_TO]->(Language_Maintenance),"This study contributes to the existing research on language maintenance, providing an overall picture of Mandi language maintenance..."
171,paper1,Mandi_Language,IS_USED_BY,People_Aged_Below_and_Above_35_Living_in_Mandi_Community_Near_Mandi_Stream_or_Bengali_Stream_Community,Page 7,High,(Mandi_Language)-[:IS_USED_BY]->(People_Aged_Below_and_Above_35_Living_in_Mandi_Community_Near_Mandi_Stream_or_Bengali_Stream_Community),It has been found that the family domain is important to maintain the language. Mandi language usage is the first choice and preference of the people aged below and above 35...
172,paper1,Parents_in_Garo_Language,HAVE_MORE_POSITIVE_ATTITUDES_TOWARD,Their_Children_Still_Speak_in_the_Garo_Language_with_their_Parents,Page 7,High,(Parents_in_Garo_Language)-[:HAVE_MORE_POSITIVE_ATTITUDES_TOWARD]->(Their_Children_Still_Speak_in_the_Garo_Language_with_their_Parents),Some parents strictly maintain their child’s language at home while others are pensive or passive about it.
173,paper1,Garo_People_Living_Away_from_Garo_Villages_or_Ethnic_Based_Villages,FACED_LANGUAGE_MAINTENANCE_PROBLEMS,Language_Maintenance,Page 7,High,(Garo_People_Living_Away_from_Garo_Villages_or_Ethnic_Based_Villages)-[:FACED_LANGUAGE_MAINTENANCE_PROBLEMS]->(Language_Maintenance),The young generation and educated guardians start emphasizing Bangla and the English language to enjoy a better life...
174,paper1,Young_Generations_Living_Near_Bengali_Stream_Community,PREFERR TO_USE_BANGLA_INSTEAD_OF_MANDI_IN_DAILY_SOCIAL INTERACTION,Language_Maintenance,Page 7,High,(Young_Generations_Living_Near_Bengali_Stream_Community)-[:PREFERR TO_USE_BANGLA_INSTEAD_OF_MANDI_IN_DAILY_SOCIAL INTERACTION]->(Language_Maintenance),"On the other hand, Garo people with a big Mandi stream community still have an excellent chance to use Mandi in their environment..."
175,paper1,Garo_Families_Living_in_Bengali_Stream_Community,PREFERR TO_USE_BANGLA_INSTEAD_OF_MANDI,Language_Maintenance,Page 7,High,(Garo_Families_Living_in_Bengali_Stream_Community)-[:PREFERR TO_USE_BANGLA_INSTEAD_OF_MANDI]->(Language_Maintenance),"The older generations keep trying to maintain their language, but sometimes it seems unsuccessful."
176,paper1,Awareness_of_Mother_Tongue_Maintenance,SHOULD_BE ENCOURAGED,Community,Page 7,High,(Awareness_of_Mother_Tongue_Maintenance)-[:SHOULD_BE ENCOURAGED]->(Community),Awareness of maintaining the mother tongue should be encouraged throughout the community by the stakeholders and elderly community members...
177,paper1,CommunityMembers,ARE_STARTED_BEFORE,Language_Education,Page 1,High,(CommunityMembers)-[:ARE_STARTED_BEFORE]->(Language_Education),ly
178,paper1,FutureResearch,NEEDS_FURTHERMORE,SecondGenerationGaroCommunityPeople,Page 2,High,(FutureResearch)-[:NEEDS_FURTHERMORE]->(SecondGenerationGaroCommunityPeople),"community members, which should be started very shortly before its complete shift to the dominant language."
179,paper1,Data,HAS_LIMITATIONS,Parents_SelfReports,Page 3,High,(Data)-[:HAS_LIMITATIONS]->(Parents_SelfReports),Although this study's sample size (19 interviews) could be considered a small consideration for generalizability.
180,paper1,StudySampleSize,HAS_SMALL_SAMPLE_SIZE,SmallSampleSize,Page 17,High,(StudySampleSize)-[:HAS_SMALL_SAMPLE_SIZE]->(SmallSampleSize),"ly"" (Page X)"
181,paper1,Study,HAS_BROADERED_OUR_UNDERSTANDING,Understanding of Mandi language maintenance,Page 18,High,(Study)-[:HAS_BROADERED_OUR_UNDERSTANDING]->(Understanding of Mandi language maintenance),NO_REFERENCE
182,paper1,Garo Speakers Concentration,INFLUENCES,Language Maintenance,Page 18,High,(Garo Speakers Concentration)-[:INFLUENCES]->(Language Maintenance),NO_REFERENCE
183,paper1,Research,INDICATES,Language Maintenance Strongly Maintained by Older Generations,Page 18,High,(Research)-[:INDICATES]->(Language Maintenance Strongly Maintained by Older Generations),NO_REFERENCE
184,paper1,Mother,INFLUENCES,Language Use in Many Households,Page 18,High,(Mother)-[:INFLUENCES]->(Language Use in Many Households),NO_REFERENCE
185,paper1,High Density of Ethnic Community Members,DRIVING_FORCE,Language Maintenance,Page 18,High,(High Density of Ethnic Community Members)-[:DRIVING_FORCE]->(Language Maintenance),NO_REFERENCE
186,paper1,Official Use of Bangla,RESTRICTS,Use of Garo in Public Settings,Page 18,High,(Official Use of Bangla)-[:RESTRICTS]->(Use of Garo in Public Settings),NO_REFERENCE
187,paper1,Government of Bangladesh,PUBLISHED BOOKS,Five Languages Including Garo and Sadri,Page 18,High,(Government of Bangladesh)-[:PUBLISHED BOOKS]->(Five Languages Including Garo and Sadri),NO_REFERENCE
188,paper1,Government Recommendations,LEADS_TO,Accelerating Garo Language Maintenance,Page 18,High,(Government Recommendations)-[:LEADS_TO]->(Accelerating Garo Language Maintenance),NO_REFERENCE
189,paper1,state language policy,ARE_PROVIDED_WITH,pre-primary education,Page 18,High,(state language policy)-[:ARE_PROVIDED_WITH]->(pre-primary education),"of the key recommendations of the policy is to provide all children with pre-primary..."" Page X."
190,paper1,state language policy,ARE_EXPANDED_TO,compulsory education up to grade 8,Page 18,High,(state language policy)-[:ARE_EXPANDED_TO]->(compulsory education up to grade 8),"same as above, but since it's one sentence, perhaps combine them or treat as separate triples if possible."
191,paper1,government initiatives,ARE_HOPEFULABOUT,sustenance of Garo language,Page 18,High,(government initiatives)-[:ARE_HOPEFULABOUT]->(sustenance of Garo language),"Participants of this study are hopeful..."" Page X."
192,paper1,Santali Cluster,KNOWN_AS,Garo and Other Groups,Page 19,High,(Santali Cluster)-[:KNOWN_AS]->(Garo and Other Groups),"Reference: Ahmed et al., 2010; Bal, 2007; Borchgrevink & McNeish, 2007; Brightbill et al., 2007; Burling, 1963; Cavallaro & Rahman, 2009 | Page: 3"
193,paper1,Garo,KNOWN_AS,Ethnic Group in Bangladesh,Page 19,High,(Garo)-[:KNOWN_AS]->(Ethnic Group in Bangladesh),"Reference: Ahmed et al., 2010; Bal, 2007; Brightbill et al., 2007; Burling, 1963; Cavallaro & Rahman, 2009 | Page: 4"
194,paper1,Indigenous Peoples,KNOWN_AS,Partnerships between Norway and Ethnographic Missions,Page 19,High,(Indigenous Peoples)-[:KNOWN_AS]->(Partnerships between Norway and Ethnographic Missions),"Reference: Borchgrevink & McNeish, 2007 | Page: 5"
195,paper1,War-Jaintia,KNOWN_AS,Sociolinguistic Survey in Bangladesh,Page 19,High,(War-Jaintia)-[:KNOWN_AS]->(Sociolinguistic Survey in Bangladesh),"Reference: Brightbill et al., 2007 | Page: 6"
196,paper1,Garo,KNOWN_AS,Indigenous Languages of Bangladesh,Page 19,High,(Garo)-[:KNOWN_AS]->(Indigenous Languages of Bangladesh),"Reference: Burling, 1963; Burling, 2003; Burling, 2004 | Page: 7-8"
197,paper1,Garo,KNOWN_AS,Analytic Study of Kinship Terms in Garo,Page 19,High,(Garo)-[:KNOWN_AS]->(Analytic Study of Kinship Terms in Garo),"Reference: Burling, 2003; Burling, 2004 | Page: 7-8"
198,paper1,Santals,KNOWN_AS,Ethnic Group in Bangladesh,Page 19,High,(Santals)-[:KNOWN_AS]->(Ethnic Group in Bangladesh),"Reference: Cavallaro & Rahman, 2009 | Page: 9"
199,paper1,Community Languages,KNOWN_AS,Multilingualism and Bilinguality,Page 19,High,(Community Languages)-[:KNOWN_AS]->(Multilingualism and Bilinguality),"Reference: Clyne, 1991 | Page: 10"
200,paper1,Pluricentric Languages,KNOWN_AS,Language Policies Among Multicultural Communities,Page 19,High,(Pluricentric Languages)-[:KNOWN_AS]->(Language Policies Among Multicultural Communities),"Reference: Clyne & Kipp, 1999 | Page: 11"
201,paper1,Garo,KNOWN_AS,Ethnic Group with Psycho-Social Dimensions,Page 19,High,(Garo)-[:KNOWN_AS]->(Ethnic Group with Psycho-Social Dimensions),"Reference: Das et al., 2005 | Page: 12"
202,paper1,Language Use,KNOWN_AS,Sociolinguistic Study of Language Distribution,Page 19,High,(Language Use)-[:KNOWN_AS]->(Sociolinguistic Study of Language Distribution),"Reference: Fishman, 1965 | Page: 13"
203,paper1,Language Policy,KNOWN_AS,Influence on Education and Culture in Bangladesh,Page 19,High,(Language Policy)-[:KNOWN_AS]->(Influence on Education and Culture in Bangladesh),"Reference: Hossain & Tollefson, 2007 | Page: 14"
204,paper1,Language Shift,KNOWN_AS,Social Networks and Language Change Among Migrants,Page 19,High,(Language Shift)-[:KNOWN_AS]->(Social Networks and Language Change Among Migrants),"Reference: Hulsen et al., 2002 | Page: 15"
205,paper1,UNESCO,CELEBRATES,Power of Mother Languages,Page 20,High,(UNESCO)-[:CELEBRATES]->(Power of Mother Languages),"Retrieved from 139"" (Page X)"
206,paper1,Article,BASSED_ON,MA Thesis,Page 21,High,(Article)-[:BASSED_ON]->(MA Thesis),"This article was based on the research data from the second author’s unpublished MA thesis supervised by the first author."" (Page X)"
207,paper1,SecondAuthor,THANKED,"Institute of Modern Languages, University of Chittagong, Bangladesh",Page 21,High,"(SecondAuthor)-[:THANKED]->(Institute of Modern Languages, University of Chittagong, Bangladesh)","She would like to thank the Institute of Modern Languages, University of Chittagong, Bangladesh, for assisting her in conducting her MA research project."" (Page X)"
208,paper1,Male,ARE_KNOWN_AS,Deputy Commissioner,Page 22,High,(Male)-[:ARE_KNOWN_AS]->(Deputy Commissioner),M 60-65 Deputy Commissioner Christian Haluaghat
209,paper1,Female,ARE_KNOWN_AS,Teacher,Page 22,High,(Female)-[:ARE_KNOWN_AS]->(Teacher),F 50-55 Teacher Christian Phulpur
210,paper1,Male,ARE_KNOWN_AS,NGO Employee,Page 22,High,(Male)-[:ARE_KNOWN_AS]->(NGO Employee),M 65-70 NGO employee Christian Phulpur
211,paper1,Male,ARE_KNOWN_AS,Managing Director,Page 22,High,(Male)-[:ARE_KNOWN_AS]->(Managing Director),M 60-65 Managing Director Christian Hauaghat
212,paper1,Male,ARE_KNOWN_AS,Electrician,Page 22,High,(Male)-[:ARE_KNOWN_AS]->(Electrician),M 55-60 Electrician Christian Phulpur
213,paper1,Female,ARE_KNOWN_AS,Personal Assistant,Page 22,High,(Female)-[:ARE_KNOWN_AS]->(Personal Assistant),F 45-50 Personal Assistant Christian Haluaghat
214,paper1,Female,ARE_KNOWN_AS,Sister,Page 22,High,(Female)-[:ARE_KNOWN_AS]->(Sister),F 30-35 Sister Christian Haluaghat
215,paper1,Male,ARE_KNOWN_AS,Retired,Page 22,High,(Male)-[:ARE_KNOWN_AS]->(Retired),M 70-75 Retired Christian Phulpur
216,paper1,Female,ARE_KNOWN_AS,Housewife,Page 22,High,(Female)-[:ARE_KNOWN_AS]->(Housewife),F 30-35 Housewife Christian Phulpur
217,paper1,Male,ARE_KNOWN_AS,Unemployee,Page 22,High,(Male)-[:ARE_KNOWN_AS]->(Unemployee),M 30-35 Unemployee Christian Phupur
218,paper1,Male,ARE_KNOWN_AS,Student,Page 22,High,(Male)-[:ARE_KNOWN_AS]->(Student),M 20-25 Student Christian Phulpur
219,paper1,Female,ARE_KNOWN_AS,Student,Page 22,High,(Female)-[:ARE_KNOWN_AS]->(Student),F 20-25 Student Christian Haluaghat
220,paper1,Male,ARE_KNOWN_AS,Farmer,Page 22,High,(Male)-[:ARE_KNOWN_AS]->(Farmer),M 70-75 Farmer Christian Phulpur
221,paper1,Female,ARE_KNOWN_AS,Farmer,Page 22,High,(Female)-[:ARE_KNOWN_AS]->(Farmer),F 70-75 Farmer Christian Phulpur
222,paper1,Female,ARE_KNOWN_AS,Retired,Page 22,High,(Female)-[:ARE_KNOWN_AS]->(Retired),F 75-80 Retired Christian Phulpur
