subject,predicate,object,sentence_location
GaroCommunity,SPEAKS,MandiLanguage,null
GaroCommunity,HAS_A_POPULATION,2500000-3000000,null
GaroCommunity,HAS_A_LARGEST_GROUP,Chakma,null
GaroCommunity,HAS_AN_ETHNIC_LANGUAGE,MandiLanguage,null
GaroCommunity,LIVES_IN,GreaterMymensinghArea,null
GaroCommunity,HAVE_BEEN_KNOWN,TolemiCollection,null
GaroCommunity,HAVE_SOCIO_ECONOMIC_AND_CULTURAL_ASPECTS_STUDIED,"Muhammed et al., 2011",null
GaroCommunity,USES_LANGUAGE_IN,DifferentDomains,null
GaroCommunity,CONCENTRATED_IN,ParticularArea,null
GaroCommunity,DO_NOT_UNDERSTAND,BanglaLanguage,null
GaroCommunity,SPEAK,BanglaLanguage,null
GaroCommunity,DO_NOT_ACCEPT,UsingBanglaWithRelativesNegatively,null
GaroCommunity,RECOGNIZE,InfluenceOfRegionalAccents,null
GaroCommunity,USE_LOCAL_DIALECT,SinghRegionalDialect,null
GaroCommunity,CANNOT_AVOID,MymensinghAccent,null
GaroCommunity,LIVE_IN,GreaterMymensinghArea,null
GaroCommunity,HAVE_A_STRONG_CONNECTION_WITH,BanglaLanguage,null
GaroCommunity,ARE_LOCATED_IN,Bangladesh,null
GaroCommunity,PRACTICE,ReligiousPractices,null
GaroCommunity,HAS_SAMPLE_SIZE,19Interviews,null
GaroCommunity,HAVE_SUPPORT_FROM,FamilyAndCommunity,null
GaroCommunity,EXIST_IN,Bangladesh,null
GaroCommunity,HAVE_PSYCHOLOGICAL_DIMENSIONS,Ethnicity,null
GaroCommunity,HAVE_A_CULTURE,ChangingGaroCulture,null
GaroCommunity,HAVE_A_RELIGION,Unknown,null
GaroCommunity,BELONG_TO,AustroAsiaticFamily,null
GaroCommunity,EXPERIENCES_PRESSURE,EnglishLanguage,null
GaroCommunity,HAS_WILLINGNESS,ProtectMandiLanguage,null
GaroCommunity,HAS_POPULATION,2500000-3000000,null
GaroCommunity,IS_LARGER_THAN,ChakmaCommunity,null
GaroCommunity,BELONGS_TO,SinoTibetanLanguageFamily,null
GaroCommunity,SPEAK_LANGUAGE,Garo,null
GaroCommunity,HAVE_SOCIAL_ECONOMIC_CULTURAL_ASPECTS_STUDIED,"Muhammed et al., 2011",null
GaroCommunity,HAVE_NOT_PREVIOUSLY_RESEARCHED,IssueOfMaintainingLanguageAndTransmissionToNextGeneration,null
GaroCommunity,IS_CONCENTRATED_IN,ParticularArea,null
GaroCommunity,LACK_PRACTICE,Mandi,null
GaroCommunity,HAS_NUMBER_OF,135,null
GaroCommunity,FACES_LANGUAGE_MAINTENANCE_PROBLEMS,TRUE,null
GaroCommunity,HAS_RECEIVED_SUPPORT,NationalLanguagePolicies2010,null
GaroCommunity,HAS_TOTAL,NumberOfRespondents-140,null
GaroCommunity,IS_A,EthnicCommunityInBangladesh,null
GaroCommunity,IS_A,EthnicGroupInBangladesh,null
GaroCommunity,EXPERIENCES_LANGUAGE_CONTACT,BanglaLanguage,null
GaroCommunity,EXPERIENCES_LANGUAGE_CONTACT,EnglishLanguage,null
GaroCommunity,EXPERIENCES_LANGUAGE_USE_AND_PREFERENCE_IN,HomeDomain,null
GaroCommunity,EXPERIENCES_LANGUAGE_USE_AND_PREFERENCE_IN,FriendshipDomain,null
GaroCommunity,EXPERIENCES_LANGUAGE_USE_AND_PREFERENCE_IN,ReligionDomain,null
GaroCommunity,EXPERIENCES_LANGUAGE_USE_AND_PREFERENCE_IN,MediaDomain,null
GaroCommunity,USES_AND_PREFERES,MandiLanguage,null
GaroCommunity,USES_AND_PREFERES,BanglaLanguage,null
GaroCommunity,HAS_LANGUAGE,GaroLanguage,null
GaroCommunity,HAS_LANGUAGE,Garotongue,null
GaroCommunity,HAS_HOPE,SustenanceOfGaroLanguage,null
GaroCommunity,HAS_HOPE,InitiativesOfTheGovernmentThroughNationalLanguagePolicies2010,null
GaroCommunity,IS_LOCATED,Meghalaya,null
GaroCommunity,IS_LOCATED,Assam,null
GaroCommunity,HAS_CENSUS_POPULATION,347419,null
GaroCommunity,PRAY,Church,null
GaroCommunity,PRAY,Home,null
GaroCommunity,ARE_INFLUENCED_BY,ChristianMissionaries,null
GaroCommunity,ARE_INFLUENCED_BY,Islam,null
GaroCommunity,USE_LANGUAGE,Bangla,null
GaroCommunity,USE_LANGUAGE,Mandi,null
GaroCommunity,USE,MandiLanguage,null
GaroCommunity,USE,BanglaLanguage,null
GaroCommunity,USE,DifferentDomains,null
GaroCommunity,USE,BanglaAsOfficialLanguageInBangladesh,null
GaroCommunity,USE,StandardBanglaLanguage,null
GaroCommunity,USE,StandardBanglaLanguageCorrectly,null
GaroCommunity,USE,RegionalDialect,null
GaroCommunity,IS_LOCATED_IN,Bangladesh,null
GaroCommunity,IS_LOCATED_IN,HaluaghatPhulpur,null
MandiLanguage,IS_UNDER_PRESSURE_FROM,BanglaLanguage,null
MandiLanguage,IS_UNDER_PRESSURE_FROM,EnglishLanguage,null
MandiLanguage,IS_STUDIED_BY,"Burling, 2003 & 2004",null
MandiLanguage,IS_USED_MOSTLY,FamilyDomain,null
MandiLanguage,IS_USED_WITH,Parents,null
MandiLanguage,USE_ROMAN_ALPHABET,Write,null
MandiLanguage,IS_STUDIED,"Burling, 2003 & 2004",null
MandiLanguage,IS_STUDIED,"Kim et al., 2010",null
MandiLanguage,IS_UNDER_PRESSURE,BanglaLanguage,null
BanglaLanguage,DOMINATES_OVER,MandiLanguage,null
MediaDomain,IS_IMPORTANT,MaintainLanguage,null
BangladeshPeople,SPEAK_AS_FIRST_LANGUAGE,Bangla,null
EthnicLanguagesInBangladesh,NUMBER_OF,44,null
StateOfficialActivitiesInBangladesh,LANGUAGE,Bangla,null
LanguagePolicyInBangladesh,IGNORING,MultilingualMakeup,null
EthnicCommunityGroupsMarginalizationInBangladesh,CAUSE,LanguagePolicy,null
GovernmentDecision2009,DECIDED_TO,MotherTongueBasedEducation,null
NCTBInitiative,TOOK_THE_INITIATIVE,MotherTongueBasedEducation,null
GaroCommunityInBangladesh,ARE_FIRST_MENTIONED,Tolemi-200AD,null
GaroCommunityInBangladesh,ARE_STUDIED,LanguageMaintenance,null
GaroCommunityInBangladesh,HAVE_PSYCHOSOCIAL_DIMENSION_OF_ETHNICITY_STUDIED,"Das & Islam,2005",null
GaroCommunityInBangladesh,ARE_STUDYED,LanguageMaintenance,null
GaroWomen,ARE_KNOWN_AS,SkilledBeauticians,null
GaroWomen,ARE_KNOWN_AS,ResidentsLivingCloseMainstreamCommunity,null
GaroWomen,ARE_KNOWN_AS,BilingualSpeakers,null
GaroWomen,ARE_KNOWN_AS,ResidentsWhoLiveCloseToMainstreamCommunity,null
GaroWomen,ARE_FROM,PhulpurThana,null
GaroWomen,ARE_FROM,TwoVillages,null
GaroWomen,SPEAK,BanglaAndMandiWithSpouses,null
GaroWomen,INITIATE_MAINTAINING_MANDI,AtHome,null
GaroWomen,HAVE_A_TRADITION,TraditionalBeautyRituals,null
GaroWomen,ARE_FAMILIAR_WITH,BanglaLanguage,null
GaroWomen,ARE_LOCATED_IN,Bangladesh,null
GaroWomen,PRACTICE,ReligiousPractices,null
GaroWomen,USE_LANGUAGE_FOR_RELIGIOUS_PRACTICES,Bangla,null
GaroWomen,USE_LANGUAGE_FOR_RELIGIOUS_PRACTICES,Mandi,null
GaroWomen,REASON_FOR_USING_BANGLA,TranslationOfTheBible,null
GaroWomen,REASON_FOR_USING_BANGLA,LackOfPracticeInMandi,null
GaroWomen,CANNOT_SPEAK_IN,Mandi,null
GaroWomen,BELONG_TO,AgeGroup_20-35,null
GaroWomen,BELONG_TO,AgeGroup_35-95,null
GaroWomen,ORIGINATE_FROM,HaluaghatPhulpur,null
GaroWomen,HAVE_AVERAGE_AGE,30,null
GaroWomen,HAVE_AVERAGE_HEIGHT,140cm,null
GaroWomen,ARE_DISTRIBUTED_IN_AGE,"M3, M6",null
GaroWomen,INITIATE,RetainingMandiUse,null
GaroWomen,SPEAK_LANGUAGE_WITH_GRANDPARENTS,MandiLanguage,null
GaroWomen,ARE_MORE_FAMILIAR_WITH,BanglaLanguage,null
GaroWomen,UNDERGO_A_RITUAL,M=3,null
GaroWomen,USE_AS_MANY_AS,140,null
GovernmentBangladesh-2009,DECIDED,ProvideMotherTongueEducation,null
NationalCurriculumTextbookBoard,TOOK_INITIATIVE,IntroduceTextbooks,null
NCTB-2010,INTRODUCED_TEXTBOOKS,ChakmaMarmaSantalGaroTripuraOraonLanguages,null
EthnicCommunityPeopleHomeUsage,VARIES,80%To100%,null
EthnicCommunityLanguageUsageAtHome,DIFFERS,ChittagongHillTractsNorthBengal,null
MeiteiSpeakersSurveySylhetDivision-2008,USE_MOTHER_TONGUE,98%,null
MeiteiNeighboursInteraction-2008,USE_MOTHER_TONGUE,97%,null
SantaliSpeakersSurvey-2010,USE_MOTHER_TONGUE,SimilarResults,null
WarJaintiaSpeakersSurvey-2007,USE_MOTHER_TONGUE,SimilarResults,null
BishnupriyaSpeakersSurvey-2008,USE_MOTHER_TONGUE,SimilarResults,null
Garo,ARE_KNOWN_AS,Garoini,null
Garo,WERE_FIRST_APPELLED,Garoini,null
Garo,NAME_EXTENDED,All_inhabitants_of_the_hills,null
Garo,WERE_CHANGED,From_Gara_to_Garo,null
Garo,HAVE_TWO_BASIC_GROUPS,Lamdani_or_Plain_Garo_and_Achick_or_Hill_Garo,null
Garo,WERE_FIRST_INTRODUCED,Mymensingh district,null
Garo,MIGRATION,To_Tibet,null
Garo,MIGRATION,To_north-eastern_Indian_Hill_tracts_and_northern_Bangladesh,null
Garo,MIGRATION,To_the_greater_Mymensingh_area,null
Garo,LEFT_BANGLADESH,1964,null
Garo,LIVE_IN,Mymensingh and high,null
Garo,ARE_A_SMALL_ETHNIC_GROUP,Bangladesh,null
Garo,EXPERIENCE_EXCLUSION,IndigenousChildrenFromPrimaryEducation,null
Garo,HAVE_A_NOTION_OF_SEPARATE_HOMELAND,Bengal,null
Garo,ANTECEDENT_HOME,"Xinjiang province, north-west of China",null
Garo,MIGRATED,Tibet,null
Garo,MIGRATED,north-eastern Indian Hill tracts and northern Bangladesh,null
Garo,ESTABLISHED_SMALL_FEUDAL_KINGDOM,greater Mymensingh area,null
Garo,RETURNED_TO_BANGLADESH,1971,null
Garo,POPULATION,"nearly 150,000",null
Garo,HAVE_LANGUAGE,Maintained,null
Garos,WERE_FIRST_INTRODUCED,In_Mymensingh_district,null
Garos,EMERGENCE_OF_SEPARATE_HOMELAND,In_Bengal_by_the_British_administration,null
Garos,LEFT_BANGLADESH,In_1964,null
Garo_antecedent_home,LOCATION,"Xinjiang_province, north-west of China",null
Garo_presence,INCREASING_GRADUALLY,In_Bangladesh_since_1971,null
Garo_population_in_Bangladesh,NEARLY,"150,000",null
Garo_ethnic_community,LIVING,In_Mymensingh,null
Garo_religion,FOLLOW,Christianity,null
GaroPopulation,IS,Approximately150000,null
GaroReligion,IS_PRACTICED_BY,Christianity,null
GaroLocation,LIVES_IN,Mymensingh,null
GaroLocation,LIVES_IN,Netrokona,null
GaroLocation,LIVES_IN,Modhupur,null
GaroLocation,LIVES_IN,ScatteredWaysInSherpur,null
GaroLocation,LIVES_IN,Tangail,null
GaroLocation,LIVES_IN,JamalpurDistricts,null
GaroDialects,HAS,Eight,null
GaroDialect,IS,A'beng,null
GaroLanguageName,IS_CALLED,MandiKhusik,null
GaroLanguageName,IS_CALLED,GaroLanguage,null
GaroLanguageName,IS_CALLED,'Mandi khusik',null
GaroLanguage,IS_THE,LanguageOfGaroCommunityInBangladesh,null
GaroLanguage,IS_MAINTAINED,ByGaroCommunityMembersInBangladesh,null
GaroLanguage,IS_USED_FOR,InstructionFromClass1To3,null
GaroLanguage,HAS_SHIFTED_IN,ReligiousAndMediaDomains,null
GaroLanguage,IS_SUPPORTED_BY,NationalLanguagePolicies2010,null
GaroLanguage,INTRODUCED_IN,Textbooks,null
GaroLanguage,IS_KNOWN_AS,LocalLanguageGaroCommunityBangladesh,null
GaroLanguage,IS_SPOKEN_BY,GaroCommunity,null
GaroLanguage,IS_USED_IN,PrePrimarySchools,null
GaroLanguage,IS_USED_IN,PrimarySchools,null
GaroLanguage,HAS_SHIFTED,ReligiousAndMediaDomains,null
GaroLanguageUseAlphabet,USES,RomanAlphabet,null
BanglaLinguisticImpactOnMandi,IS_EVIDENT_IN,UseOfLargeNumberOfBanglaWordsAndSentenceStructure,null
BanglaLinguisticImpactOnMandi,IS_EVIDENT_IN,Use of a large number of Bangla words and sentence structure,null
GaroPreferredName,IS,Mandi,null
GaroPreferredName,IS_CALLED,Mandi,null
MainstreamSocietyForeignersWritersPreferredNameForGaro,IS,Garo,null
StudyLanguage,USES,GaroLanguageAndMandi,null
LanguageMaintenance,IS_A_SIGNIFICANT_ISSUE,WhenACountryHasManyDiverseLanguages,null
NoResearchConductedOnGaroLanguageMaintenanceInBangladesh,IS_TRUE,TRUE,null
ExistingResearchOnGaroFocusesOnVariousTopics,IS_TRUE,TRUE,null
Burling1963StudiedGaroPeople,IS_TRUE,TRUE,null
BurlingStudyWasAnthropological,IS_TRUE,TRUE,null
BurlingMentionedGaroLanguageOriginHistory,IS_TRUE,TRUE,null
EllenBalIsAFamousResearcherOnGaroPeople,IS_TRUE,TRUE,null
TheyAskIfWeEatFrogsBookByEllenBal,IS_WRITTEN_BY,EllenBal,null
FirstPartOfTheyAskIfWeEatFrogsDescribesEthnicCommunityBasedDiscourses,IS_TRUE,TRUE,null
SecondPartOfTheyAskIfWeEatFrogsDescribesGaroHistoryConstitutionAndBoundaries,IS_TRUE,TRUE,null
ThirdPartOfTheyAskIfWeEatFrogsDescribesGaroSelfPerceptionAndGroupFormation,IS_TRUE,TRUE,null
Islam2008FocusesOnGaroOriginAndHistory,IS_TRUE,TRUE,null
GaroMarriageRituals,ARE_STUDIED,"Islam, 2008",null
GaroMarriageRituals,ARE_STUDIED_BY,"Islam, 2008",null
GaroCommunityBangladesh,HAVE_PSYCHOSOCIAL_DIMENSION_OF_ETHNICITY_STUDIED,"Das & Islam, 2005",null
GaroCommunityBangladesh,ARE_A_SMALL_REPRESENTATION,GaroCommunity,null
GaroReligiousRitualsAndWorldview,ARE_STUDIED,"Khaleque,1983",null
GaroReligiousRitualsAndWorldview,ARE_STUDIED_BY,"Khaleque,1983",null
GaroFamilyStructureAndCulturalPatterns,ARE_STUDIED,"Sattar & Jalil, 2002",null
GaroFamilyStructureAndCulturalPatterns,ARE_STUDIED_BY,"Sattar & Jalil, 2002",null
MandiLanguageLexiconAndGrammar,ARE_STUDIED_BY,"Burling, 2003 & 2004",null
MandiLanguages,ARE_STUDIED_FOR_LINGUISTIC_VARIATION,"Kim et al., 2010",null
ResearchQuestion,IS,HowAndToWhatExtentDoGaroCommunityMembersInBangladeshMaintainTheirLanguage,null
LanguageShift,IS,TheChangeOfLanguageUseFromTheFirstLanguageToAnotherLanguageDueToTheInfluenceOfTheDominantLanguage,null
LanguageMaintenancePattern,VARIES_ACROSS_THE_WORLD,SomeMinorityLanguagesAreShiftedToMainstreamLanguagesWhileSomeAreMaintainedDueToTheStrongWillingnessAndEthnicityOfTheCommunityMembers,null
TheoreticalFrameworkOfDomainApproach,IS_USED,InExploringTheLanguageMaintenanceOfGaroCommunityMembersInBangladesh,null
LanguageMaintenanceResearchInThe1980s,USED,Fishman’s (1965,null
Bangladesh,HAS_AS_OFFICIAL_LANGUAGE,Bangla,null
Bangladesh,HAS_A_SPEAKER_GROUP,BishnupriyaManipuriSpeakers,null
DifferentDomains,CONSIST_OF,"Family, Friendship, Church, Clubs, Work",null
DifferentDomains,CONSIST_OF,"Education, Religion, SecularCommunityGroups, Work, TransactionalDomain, EthnicPress, Radio, Television, Video, Libraries",null
Research,INVESTIGATES,LanguageMaintenance,null
DomainApproach,IS_USED_FOR,InvestigatingLanguageUsePatterns,null
DomainApproach,ASKS,WhoSpeaksWhatLanguageToWhomAndWhen,null
Domain,DENOTES,PlacesOrLocationsAsWellAsSocioCulturalContexts,null
GaroCommunityMembersInBangladesh,ARE_LOCATED,HaluaghatThana,null
GaroCommunityMembersInBangladesh,ARE_LOCATED,PhulpurThana,null
GaroCommunityMembersInBangladesh,USE,"MandiLanguage, BanglaLanguage, EnglishLanguage",null
GaroCommunityMembersInBangladesh,HAVE_A_TRADITION,LanguageMaintenance,null
GaroCommunityMembersInBangladesh,HAVE_A_TRADITION,Multilingualism,null
GaroCommunityMembersInBangladesh,USE_MIXED,"MandiLanguage, BanglaLanguage, EnglishLanguage",null
GaroCommunityMembersInBangladesh,USE_WITH_SAME_COMMUNITY,MandiLanguage,null
GaroCommunityMembersInBangladesh,USE_WITH_BENGALI,BanglaLanguage,null
GaroCommunityMembersInBangladesh,USE_INCIDENTALLY_OR_AUTOMATICALLY,BanglaLanguage,null
GaroCommunityMembersInBangladesh,INFLUENCE_OF_DOMINANT_LANGUAGE,MandiLanguage,null
GaroCommunityMembersInBangladesh,COLLECTED_FROM,TwoVillages,null
GaroCommunityMembersInBangladesh,INTERACT_MOSTLY,BanglaLanguage,null
GaroCommunityMembersInBangladesh,HAVE_LANGUAGE_MAINTENANCE_ISSUES,InstitutionsAndChurches,null
GaroCommunityMembersInBangladesh,TAKE_INDIVIDUAL_INITIATIVES,OrganizeReligiousProgramsAndRituals,null
GaroCommunityMembersInBangladesh,HAVE_INSTITUTIONS,Institutions,null
GaroCommunityMembersInBangladesh,HAVE_CHURCHES,Churches,null
GaroCommunityMembers,HAVE_DIFFERENT_LANGUAGE_SITUATION,HaluaghatThana,null
GaroCommunityMembers,HAVE_DIFFERENT_LANGUAGE_SITUATION,PhulpurThana,null
GaroCommunityMembers,HAVE_DIFFERENT_PERCEPTION,HaluaghatThana,null
GaroCommunityMembers,HAVE_DIFFERENT_PERCEPTION,PhulpurThana,null
GaroCommunityMembers,USE,FourDomains,null
GaroCommunityMembers,USE,Mandi Language,null
GaroCommunityMembers,USE,Bangla Language,null
GaroCommunityMembers,USE,English Language,null
GaroCommunityMembers,LIVE_IN,TwoVillages,null
GaroCommunityMembers,ARE_LOCATED_IN,Bangladesh,null
GaroCommunityMembers,ARE_LOCATED_IN,Haluaghat,null
GaroCommunityMembers,ARE_LOCATED_IN,Phulpur,null
GaroCommunityMembers,HAVE_PROFESSIONS,TeacherPrimary,null
GaroCommunityMembers,HAVE_PROFESSIONS,PrivateJobNGO,null
GaroCommunityMembers,HAVE_PROFESSIONS,Electrician,null
GaroCommunityMembers,HAVE_PROFESSIONS,Retired,null
GaroCommunityMembers,HAVE_PROFESSIONS,Teacher,null
GaroCommunityMembers,HAVE_PROFESSIONS,Private job (NGO,null
GaroCommunityMembers,HAVE_PROFESSIONS,Deputy Commissioner,null
GaroCommunityMembers,HAVE_DIFFERENT_LANGUAGE_SITUATIONS,HaluaghatThana,null
GaroCommunityMembers,HAVE_DIFFERENT_LANGUAGE_SITUATIONS,PhulpurThana,null
GaroCommunityMembers,HAVE_DIFFERENT_PERCEPTIONS,HaluaghatThana,null
GaroCommunityMembers,HAVE_DIFFERENT_PERCEPTIONS,PhulpurThana,null
GaroCommunityMembers,ARE_MOSTLY_USING,"FourDomains: {family, friendship, religious, media}",null
GaroCommunityMembers,ARE_KNOWN_FOR,UsingMandiLanguageInFamily,null
GaroCommunityMembers,USE_MOSTLY,MandiLanguageInFamily,null
GaroCommunityMembers,ARE_CHRISTIAN,Christian,null
Clyne1991,STATES,(EthnicCommunitiesConcentration,null
Clyne1991,FOUND,FamilyDomainImportanceForLanguageMaintenance,null
Clyne1991,FOUND,FamilyDomainIsImportantForLanguageMaintenance,null
Clyne1991,STATES_THAT,ConcentrationOfEthnicCommunities,null
Researcher,USED,SnowballTechnique,null
Researcher,CHOSEN_USING,SnowballTechnique,null
Researcher,INITIALLY_KNEW,SomeParticipants,null
Researcher,EXPLAINED_AIM,Participants,null
Researcher,GAVE_CONSENT_FORM,Participants,null
Researcher,ASSURED_PSEUDONYMS,Participants,null
Researcher,PROMISED_CONTACT,Participants,null
Researcher,EXPLAINED_AIMS,Participants,null
Researcher,GAVE_CONSENT_FORMS,Participants,null
Researcher,ASSURED_PRIVACY,Participants,null
Participants,NUMBER_OF,TenFemale,null
Participants,NUMBER_OF,NineMale,null
Participants,ARE_FROM,DifferentProfessionalGroups,null
Participants,REPORT,LanguageUseAndPreferenceInInterviews,null
Participants,USE_AND_PREFER,LanguageInDifferentDomains,null
Participants,TRY_TO_SPEAK,MandiLanguage,null
Participants,SPEAK_MANDI_WITH_SPOUSE,Except4,null
Participants,SHOW_WILLINGNESS,PreserveMandiLanguageByUsingItInReligiousPractices,null
Participants,ARGUE,(YoungGenerationAgedBelow35,null
Participants,ARE_WILLING_TO_PRESERVE,TheirLanguageByUsingItInReligiousPractices,null
AgesOfParticipants,VARIES_FROM,TwentyToNinety,null
AgeGroup_20to34,CONTAINS,SixFemales,null
AgeGroup_35to95,CONTAINS,ThreeMales,null
GaroMen,ARE_FROM,HaluaghatThana,null
Study,USES,SemiStructuredInterviews,null
Interviewer,ROLE,ActiveListener,null
Interviewer,TAKES_NOTES,DuringInterviews,null
Interviews,TOOK,7Days,null
Interviews,LENGTH,20Minutes,null
Interviews,AUDIO_RECORDED,AfterPermission,null
Interviews,TAKE_TIME,7Days,null
FirstTwoInterviews,LENGTH,MoreThanOneHour,null
Data,WERE_TRANSCRIBED,AfterInterviews,null
Data,WERE_CODED,AccordingToThemes,null
Data,ARE_TRANSCRIBED,AfterInterviews,null
Data,ARE_CODED,AccordingToThemesAndSubthemes,null
Domains,SELECTED,FourDomains,null
FamilyDomain,IS_IMPORTANT_FOR,LanguageMaintenance,null
FamilyDomain,IS_IMPORTANT_FOR,MandiLanguageMaintenance,null
Parents,ARE_SELECTED_FOR_INTERVIEW,BecauseOfFrequentContactWithParticipants,null
SecondGenerationGaroChildren,SPEAK,MandiLanguage,null
SecondGenerationGaroChildren,SPEAK,BanglaOrEnglish,null
SecondGenerationGaroChildren,ALSO_SPEAK,BanglaLanguage,null
MothersOfSecondGenerationGaroChildren,TEACH,MandiLanguage,null
SchoolGoingChildren,LEARN_MORE,BanglaLanguage,null
M1,SPEAKS,EnglishOrBengali,null
M1,SPEAKS,Bengali,null
M1,SPEAKS,English,null
M1,MIX_LANGUAGE_WITH_SPOUSE,"Bangla, Mandi, English",null
M1,WORKS_AT,Russia,null
M1,IS_THE_ONLY_ONE,MandiFamily,null
F4,MIX_LANGUAGE_WITH_SPOUSE,"Mandi, Bangla",null
ParticipantsAgedBelow35WithMainstreamCommunitySpouse,SPEAK_MIXED_LANGUAGE,"Bangla, Mandi",null
GaroChildren,USE,BanglaLanguage,null
GaroChildren,TRY_TO_SPEAK,BanglaWithSiblingsWhenInfluencedBySchool,null
GaroChildren,USE_LANGUAGE_WITH_SIBLINGS,MandiLanguage,null
GaroChildren,TRY_TO_SPEAK_BANGLA_WITH_SIBLINGS,WhenInfluencedBySchool,null
GaroChildren,GO_TO,MainstreamSchools,null
GaroChildren,DEVELOP_SOCIALISATION,BengaliChildren,null
Mothers,ENCOURAGE_CHILDREN_NOT_TO_SPEAK_BANGLA,WithSiblings,null
Mothers,ENCOURAGE_CHILDREN,NotToSpeakBanglaWithSiblings,null
ParentsEducatedCityResidentsChildren,SPEAK_BANGLA_OR_ENGLISH,WithSiblings,null
ParticipantsAbove35,SPEAK_MANDI_WITH_SIBLINGS,TRUE,null
ParticipantsBelow35,HAVE_LOW_TENDENCY_TO_SPEAK_MANDI,WithSiblings,null
ParticipantsBelow35,HAVE_LOW_TENDENCY,SpeakMandiWithSiblings,null
GaroGrandchildren,SPEAK_MANDI_WITH_GRANDPARENTS,TRUE,null
MandiLanguageMaintenance,IS_HIGHER,WithGrandparents,null
MandiLanguageMaintenance,IS_STUDIED,ChittagongUniversityJournalOfSocialSciences,null
MandiLanguageMaintenance,CONTRIBUTES_TO,OverallPictureOfMandiLanguageMaintenance,null
MandiLanguageMaintenance,IS_AFFECTED_BY,DomainsPlayingSignificantRole,null
GaroGrandparents,ARE_KNOWN_AS,LowBanglaProficiency,null
HighlyEducatedGaroParticipants,SPEAK,MandiAndBangla,null
HighlyEducatedGaroParticipants,MAINTAIN_THEIR_LANGUAGE,Differently,null
HighlyEducatedGaroParticipants,START_CONVERSATIONS_WITH,Mandi,null
HighlyEducatedGaroParticipants,SPEAK_MANDI_WITH,RelativesWithNoLiteracy,null
MandiCommunity,USE,RomanAlphabetToWrite,null
MandiCommunity,SPEAK,Bangla,null
MandiCommunity,HELP_WITH,ExtendedFamilyAndRelatives,null
MandiCommunity,PLAY_A_SIGNIFICANT_ROLE,PreservationOfMandi,null
MandiCommunity,LIVE_IN,HaluaghatThanaAndPhulpurThana,null
MandiCommunity,PRACTICE,UsingBanglaInPrayersAtChurch,null
MandiCommunity,PRACTICE,UsingBanglaInPrayersAtHome,null
MandiCommunity,PRACTICE,OrganizingPrayersAndRitualsInMandiTwiceAWeek,null
MandiCommunity,PRAY_IN,Bangla,null
MandiCommunity,USE_MANDI,AtHome,null
MandiCommunity,ORGANIZE_PRAYERS,TwiceAWeek,null
MandiCommunity,FEEL_SPIRITUAL,Bangla,null
MandiCommunity,FEEL_SPIRITUAL,WhenPrayingInMandiLanguage,null
MandiCommunity,ROLE_IN_PRESERVING,ExtendedFamilyAndRelatives,null
MandiCommunityParticipants,LIVE_IN,HaluaghatThanaAndPhulpurThana,null
HomeLanguagePreferenceOlderPeople,IS_HIGH,Mandi,null
HomeLanguagePreferenceFirstClassJobHolders,USE,Bangla,null
HomeLanguagePreferenceFirstClassJobHolders,PRIORITY,Bangla,null
LocalJobholdersTeachersFarmersHomeLanguagePreference,USE,Mandi,null
YoungerPeopleHomeLanguagePreference,PREFER,Bangla,null
YoungerPeople,SHOW_LOW_VALUE,Bilingualism,null
MandiUsers,USE_AND_PREFER,MandiLanguageAtHome,null
GrandparentsRoleInLanguageMaintenance,ILLUSTRATES,Clyne1991Findings,null
StudyResults,DEMONSTRATE,GenerationDifferencesInLanguageMaintenance,null
MandiLanguageUseAbove35,IS_HIGHER,PeopleAbove35,null
MandiLanguageUseBelow35,IS_LOW,PeopleBelow35,null
PeopleBelow35,PREFER_BANGLA_AT_HOME,MandiCommunity,null
PeopleBelow35,OPINION,(NoOneSpeaksMandiHere,null
PeopleBelow35,CONNECTION,BanglaLanguageMainstreamCommunity,null
PeopleBelow35,LOW_VALUE,Bilingualism,null
VillageNearMandiStreamCommunity,HAS_A_HIGH_PREFERENCE,MandiLanguage,null
ParticipantsLivingWithBengaliMainstreamCommunity,HAVE_A_HIGH_CHANCE,LosingMandiLanguage,null
ParticipantsLivingWithBengaliMainstreamCommunity,HAVE_A_HIGH_CHANCE_OF_LOSING,MandiLanguage,null
TwoVillages,NEAR_BENGALI_MAINSTREAM,OneVillage,null
OneVillage,IS_NEAR_TO,BengaliMainstreamCommunity,null
F3,SPEAKS,Bangla,null
F3,TEACHES_AT,School,null
M4,SPEAKS,MixedLanguage,null
M4,PREFERES,Bangla,null
F5,SPEAKS,Bangla,null
GaroPeople,USE_MOTHER_TONGUE,100%,null
GaroPeople,USE_MOTHER_TONGUE,80-100%,null
GaroPeople,HAVE_SOCIAL_NETWORKS,MandiCommunity,null
GaroPeople,HAVE_SOCIAL_NETWORKS,BengaliCommunity,null
GaroPeople,PREFER_TO_STAY,WithinMandiCommunityMembers,null
GaroPeople,SPEAK_MANDI,Can_Understand,null
GaroPeople,DO_NOT_HAVE,NationalOrPrivatePodcastingMediaMoviesOrDrama,null
GaroPeople,DO_NOT_HAVE,Media,null
GaroPeople,HAVE_LITERACY_RATE,90%,null
GaroPeople,SPEAK_BANGLA,Can,null
GaroPeople,WRITE_NAME_IN_BANGLA,Can,null
GaroPeople,SPEAK_LANGUAGE,MandiLanguage,null
GaroPeople,SPEAK_LANGUAGE,Bangla,null
GaroPeople,SPEAK_LANGUAGE,English,null
GaroPeople,HAVE_SOCIAL_NETWORK,MandiCommunity,null
GaroPeople,HAVE_SOCIAL_NETWORK,BengaliCommunity,null
GaroPeople,HAVE_A_LITERACY_RATE,90%,null
GaroYoungGeneration,ARE_MORE_INVOLVED,MandiCommunity,null
FirstClassJobHolderGaroParticipant,NOT_INVOLVED,MandiCommunity,null
GaroPeopleAbove35,SPEAK_MANDI,Entirely,null
GaroPeopleOutsideLocalArea,SPEAK_BANGLA_OR_ENGLISH,WithMandiCoWorkers,null
MandiPeople,PREFER,LivingWithEachOther,null
MandiPeople,USE_LANGUAGE,MandiLanguage,null
MandiPeople,USE_LANGUAGE,BanglaLanguage,null
MandiPeople,NEED_LANGUAGE,BanglaOrEnglish,null
MandiPeople,PREFER_TO_LIVE_WITH,OtherMandiPeople,null
MandiPeople,CANNOT_FEEL_SPIRITUAL,WhenPrayingInMandiLanguage,null
MandiPeople,NEED,BanglaOrEnglish,null
YoungerMandiPeople,LIVE_NEAR,MandiConcentratedAreas,null
OlderMandiPeople,LIVE_NEAR,BengaliMainstreamCommunity,null
SomeParents,MAKE_CONSCIOUS,MandiLanguageUse,null
SomeParents,MAKE_CONSCIOUS,(GaroChildren,null
StudyingLanguageChoiceAndPreference,DEMONSTRATES,VitalRoleInMaintainingMandiLanguage,null
LanguageUseInFriendshipDomain,PROVES,CommunitySupportAndWillingnessToRetainEthnicLanguage,null
ReligiousDomain,NOT_SIGNIFICANT,MandiLanguageMaintenance,null
ReligiousDomain,NOT_SIGNIFICANT,MaintainingMandiLanguage,null
Informants,GO_TO,Church,null
Church,USES,BanglaLanguage,null
Church,USES,Bangla,null
Church,USES_LANGUAGE,Bangla,null
MandiPeopleBangladesh,USE_ROMAN_ALPHABET,ForWritingMandiLanguage,null
MandiPeopleBangladesh,USE_ROMAN_ALPHABET_FOR_WRITING,TheirLanguage,null
MandiPeopleBangladesh,USE_BENGALI_SCRIPT,ForReligiousPurposes,null
MandiReligiousScript,IS_WRITTEN_IN,AchikLanguage,null
MandiDay,IS_A_GREAT_DAY,MaintainMandiLanguageInReligiousDomain,null
ClyneAndKipp,STATE,MediaConsumptionCorrelatesWithSecondGenerationCommunityLanguageProficiencyLevel,null
ClyneAndKipp,STATE,(MediaConsumptionCorrelatesWithCommunityLanguageProficiency,null
GaroLanguageFirstGeneration,LACK,RichAudioVideoDocumentsOrSources,null
GaroLanguageYoungerGenerations,SHOW_INTEREST,MakeAudioAndVideoContent,null
SometimesMandiLanguageSongsAndDances,ARE_BROADCASTED,BangladeshNationalTVShow,null
IndigenousDay,TELECASTED_SOME_CULTURAL_PROGRAMS,BTV,null
IndigenousDay,SOME_CULTURAL_PROGRAMS_TELECASTED,BTV,null
Media,IS_IMPORTANT,MaintainLanguage,null
YoungGaroGeneration,USE,SocialMedia,null
YoungGaroGeneration,DEVELOP_CULTURAL_GROUPS,MandiLanguageCulture,null
MandiLanguageCulture,ARE_BEING_SAVED,CulturalGroupsBasedOnMandi,null
GlobalizedWorld,PRESERVATION_ETHNIC_LANGUAGE,YoungerGenerations,null
GaroEducationSystem,BASED_ON,Bengali,null
OneFemaleInterviewee,READ_WRITE_MANDI,Yes,null
OtherParticipants,READ_WRITE_MANDI,No,null
ResourcesToReadWriteMandi,EXIST,None,null
NoNovelColumnWritersBasedOnMandiLanguage,EXIST,None,null
BangladeshGovernment,TEACH_GAROCHILDREN,MandiLanguage,null
BangladeshGovernment,HAS_COMMITTED,PoliciesStrategiesDeclarationsSDG4,null
BangladeshGovernment,HAS_STARTED,ImplementationOfPlan,null
BangladeshGovernment,HAS_PUBLISHED_BOOKS,ChakmaMarmaTripuraGaroAndSadriLanguages,null
BangladeshGovernment,DECIDE,ProvideMotherTongueBasedEducation,null
BangladeshGovernment,IGNORE,MultilingualMakeup,null
GaroCommunitySchools,TEACH,Garotongue,null
GaroCommunitySchools,HAVE_NUMBER_OF_STUDENTS,135,null
ShiftFromMandiToBangla,ACCELERATOR,FactorsNotSpecified,null
ParticipantsLanguageUseAndPreferencesInsideFamily,ANALYSED,ThisStudy,null
MandiLanguageUsagePreferenceAgedBelow35,IS_FIRST_CHOICE,People,null
MandiLanguageUsagePreferenceAgedAbove35,IS_FIRST_CHOICE,People,null
MandiLanguageUsagePreferenceLocation,IS_DEPENDENT_ON,CommunityLocation,null
ParentsAttitudeTowardsGaroLanguage,VARIES,StrictMaintenanceVsPensiveOrPassive,null
ParentsAttitudeTowardsGaroLanguage,INFLUENCES,MandiLanguageUsageByChildren,null
YoungGenerationAndEducatedGuardians,EMPHASIZE,BanglaLanguage,null
YoungGenerationAndEducatedGuardians,EMPHASIZE,EnglishLanguage,null
YoungGenerationAndEducatedGuardians,EMPHASIZE,BanglaAndEnglishLanguage,null
YoungGenerationGaroFamily,PREFER,BanglaLanguage,null
YoungGenerationGaroFamily,PREFER_NOT,MandiLanguage,null
GaroPeopleBigMandiCommunity,HAVE_OPPORTUNITY,UseMandiLanguage,null
GaroPeopleBigMandiCommunity,USE_MORE,MandiLanguage,null
FamilyDomainGaroCommunity,BEST_DOMAIN,MandiLanguage,null
FamilyDomainGaroCommunity,BEST_DOMAIN,UseMandiLanguageAtHome,null
OlderGenerationsGaroCommunity,TRY_TO_MAINTAIN,TheirLanguage,null
OlderGenerationsGaroCommunity,TRY_MAINTAIN,MandiLanguage,null
StakeholdersElderlyCommunityMembers,SHOULD_ENCOURAGE,AwarenessOfMandiLanguageMaintenance,null
StakeholdersElderlyCommunityMembers,SHOULD_START,EncouragementBeforeShift,null
SampleSizeInterviews,IS,19,null
InDepthQualitativeInquiry,IS_CONDUCTED_ON,GaroCommunityMembersBangladesh,null
LanguageMaintenanceGaroCommunityBangladesh,IS_AFFECTED_BY,ConcentrationOfGaroSpeakers,null
LanguageMaintenanceGaroCommunityBangladesh,IS_AFFECTED_BY,ProximityToMainstreamCommunity,null
LanguageMaintenanceGaroCommunityBangladesh,IS_AFFECTED_BY,Age,null
MandiLanguageUsageInHouseholds,IS_INFLUENCED_BY,Mother,null
GaroLanguageUseInPublicSettings,IS_RESTRICTED_BY,OfficialUseOfBangla,null
GaroLanguageMaintenanceSupport,IS_PROVIDED_BY,FamilyAndCommunity,null
GaroLanguageShift,OCCURS,Somwhere,null
GaroLanguageShift,IS_TOWARDS,Som,null
BangladeshGovernmentBooks,ARE_FOR,PrePrimaryAndPrimarySchool,null
BangladeshGovernmentPolicy,RECOMMENDS,ProvidingAllChildrenWithPPE,null
BangladeshGovernmentPolicy,RECOMMENDS,ExpandingCompulsoryEducationToGrade8,null
GaroLanguageMaintenance,ACCELERATED_BY,StateLanguagePolicyAndEducationInMotherTongue,null
Garo Community,HAS_LANGUAGE,Modhupur Mandi,null
Garo Community,IS_STUDIED_IN,Sociolinguistic Survey,null
Garo Community,IS_STUDIED_IN,War-Jaintia,null
Garo Community,IS_REFERENCED_IN,ChittagongUniversityJournalofSocialSciences,null
Modhupur Mandi,HAS_VOLUME,Volume 2,null
Santals,ARE_STUDIED_IN,Bangladesh,null
Bangladeshi Migrants,STUDIED,Language and culture maintenance,null
ChangingGaroCulture,IS_ANALYZED_IN,MarriageRitualsCaseStudy,null
GarosOfBangladesh,HAVE_A_RELIGION,Unspecified,null
BishnupriyaManipuriSpeakersInBangladesh,SPEAK,BishnupriyaManipuriLanguage,null
SantaliClusterInBangladesh,SPEAK,SantaliLanguage,null
SantaliClusterInBangladesh,IS_STUDIED_IN,SociolinguisticSurvey,null
EarlyChineseEmpires,HAVE_AN_IMPACT_ON,Unknown,null
NationalEducationPolicy2010,IS_ISSUED_BY,GovernmentOfBangladesh,null
GovernmentOfBangladesh,HAS_STARTED,InitialWorksOfImplementation,null
GovernmentOfBangladesh,HAS_PUBLISHED,BooksInFiveLanguages,null
GovernmentOfBangladesh,HAS_RECOMMENDED,ProvidingAllChildrenWithPPE,null
GovernmentOfBangladesh,HAS_RECOMMENDED,ExpandingCompulsoryEducationToGrade8,null
ChittagongHillTracts,ARE_AN_AREA,Bangladesh,null
ChittagongHillTracts,IS_DISCUSSED_IN,TheEmergenceOfBangladesh,null
GaroEthnicPeopleOfSalForestsInBangladesh,LIVE_IN,SalForests,null
LimburgsAndSwabian,HAVE_A_CASE_STUDY_ON_LANGUAGE_MAINTENANCE,Unknown,null
UNESCO,CELEBRATES,PowerOfMotherLanguages,null
TeacherPrimary,ARE_KNOWN_AS,GaroWomen,null
DeputyCommissioner,IS_A,GaroMan,null
ChristianReligion,IS_FOLLOWED_BY,GaroCommunityMembers,null
HaluaghatLocation,IS_LOCATED_IN,GaroCommunityMembers,null
PhulpurLocation,IS_LOCATED_IN,GaroCommunityMembers,null
Electrician,IS_A,GaroMan,null
Retired,IS_A,GaroMan,null
Sister,IS_A,GaroWoman,null
PersonalAssistant,IS_A,GaroWoman,null
Housewife,IS_A,GaroWoman,null
Housewife,ARE_KNOWN_AS,Female,null
Unemployee,IS_A,GaroMan,null
Student,IS_A,GaroMan OR GaroWoman,null
Student,ARE_KNOWN_AS,Male or Female,null
BangladeshPopulation,SPEAK_FIRST_LANGUAGE,Bangla,null
GovernmentBangladesh,DECIDED,ProvideMotherTongueBasedEducation,null
MinistryOfEducationBangladesh,INITIATED,IntroduceTextbooksInGaroLanguage,null
GaroHighestNumber,IS_NOTICABLE_IN,"Haluaghat, Netrokona, Mymensing, and Modhupur",null
GaroScatteredLocations,LIVES_IN,"Sherpur, Tangail, and Jamalpur districts",null
GaroMainDialect,IS,A'beng,null
GaroLanguageScript,USES,Roman alphabet,null
MainstreamSocietyCallsGaro,IS_CALLED,Garo,null
BurlingStudyOnGaroWasAnthropological,IS_TRUE,TRUE,null
BurlingMentionedHistoryOfOriginOfGaroLanguage,IS_TRUE,TRUE,null
TheyAskIfWeEatFrogsIsABookByEllenBal,IS_TRUE,TRUE,null
SecondPartOfTheyAskIfWeEatFrogsDescribesGaroHistoryAndConstitution,IS_TRUE,TRUE,null
Islam2008FocusesOnOriginAndHistoryOfGaro,IS_TRUE,TRUE,null
GaroMembers,VARIES_AGES,Ages,null
GaroMembers,DIVIDED_BY_AGE,TwoAgeGroups,null
GaroCommunityPeople,ARE_NOT_ABLE_TO_SPEAK_AT,Workplaces,null
WorkDomain,IS_DISCUSSED_IN,FriendshipDomain,null
InterviewParticipants,USE_MANDILANGUAGE_WITH,Parents,null
InterviewParticipants,USE_MANDILANGUAGE_WITH,Themselves,null
Siblings,ARE_SELECTED_FOR_INTERVIEW,BecauseOfFrequentContactWithParticipants,null
Grandparents,ARE_SELECTED_FOR_INTERVIEW,BecauseOfPromotingLanguageMaintenance,null
Grandparents,PLAY_AN_IMPORTANT_ROLE_IN,LanguageMaintenance,null
Relatives,ARE_SELECTED_FOR_INTERVIEW,BecauseOfLongConversationsDuringTraditionalPrograms,null
ParentsEducatedAndCityResidentsChildren,SPEAK_LANGUAGE,BanglaOrEnglishWithSiblings,null
ParticipantsAged35OrAbove,SPEAK_LANGUAGE_WITH_SIBLINGS,MandiLanguage,null
SomeInterviewees,DO_NOT_UNDERSTAND,BanglaVeryWell,null
EducatedGaroPeople,HAVE_DIFFERENT_ATTITUDES,LanguageUse,null
EducatedGaroPeople,USE_LANGUAGES,BanglaMandiEnglish,null
EducatedGaroPeople,USE_REGIONAL_DIALECTS,Bangla,null
EducatedGaroPeople,USE_STANDARD_BANGLA,HighlyEducatedGaroCommunity,null
HomeLanguagePreferenceByAge,DIFFER_BY_AGE,MandiCommunity,null
HomeLanguagePreferenceByJobStatus,DIFFER_BY_JOB_STATUS,MandiCommunity,null
FirstClassJobHolders,PRIORITY,BanglaLanguage,null
FirstClassJobHolders,USE_BANGLA_AT_HOME,MandiCommunity,null
LocalJobholdersTeachersFarmers,PREFER_USING_MANDI_AT_HOME,MandiCommunity,null
AgeGroupAbove35,HAVE_HIGHER_MAINTENANCE_AND_PREFERENCE,MandiLanguage,null
AgeGroupBelow35,HAVE_LOW_MAINTENANCE_AND_PREFERENCE,MandiLanguage,null
VillageWithBengaliMainstreamCommunity,HAS_A_LOW_PREFERENCE,MandiLanguage,null
GaroFirstClassJobHolder,NOT_INVOLVED,MandiCommunity,null
LanguageChoiceAndPreference,DEMONSTRATED_IN_FRIENDSHIP_DOMAIN,VitalRoleInMaintainingMandiLanguage,null
ReligiousScriptMandiPeopleAssam,IS_WRITTEN_IN,AchikLanguage,null
SomeFamilies,TAKE_INITIATIVES,OrganizeReligiousProgramsAndRituals,null
Sunday,IS_A_GREAT_DAY,MaintainMandiLanguage,null
FirstGenerationGaro,DO_NOT_HAVE,RichAudioVideoDocumentsOrSources,null
YoungerGenerationsGaro,ARE_INTERESTED_IN,MakingAudioAndVideoContent,null
TheyDoNotHaveMedia,CAN_BE,PrintMediaOrSoftMedia,null
ParticipantsOfThisStudy,ARGUE,(YoungGenerationAgedBelow35UseSocialMedia,null
MandiLanguageYoungGeneration,DEVELOP,CulturalGroups,null
CulturalGroupsBasedOnMandi,ARE_BASED,SocialMedia,null
DomainsPlayingSignificantRoleInMandiLanguageMaintenance,ARE,SignificantRoleInMaintainingMandiLanguage,null
PreferenceOfPeopleAgedBelowAndAbove35,IS,MandiLanguageUsageAtHome,null
LocationOfPeople,INFLUENCES,PreferenceForMandiLanguageAtHome,null
ParentsInGaroLanguage,HAVE_MORE_POSITIVE_ATTITUDES,ReasonForChildrenSpeakingGaro,null
ParentsAttitudesTowardsMandiLanguage,VARY,AttitudesTowardsMandiLanguageMaintenance,null
GaroPeopleLivingInEthnicBasedVillages,FACE_LANGUAGE_MAINTENANCE_PROBLEMS,ProblemsWithMandiLanguageMaintenance,null
ReasonForEmphasizingBanglaAndEnglish,IS_TO_ENJOY_BETTER_LIFE_OPPORTUNITIES,BetterLifeOpportunities,null
EducatedGuardiansGaroFamily,EMPHASIZE,BanglaEnglishLanguage,null
AwarenessMaintainingMotherTongueGaroCommunity,NEEDS_ENCOURAGEMENT,StakeholdersElderlyMembers,null
SecondGenerationGaroCommunityPeople,NEEDS_RESEARCH,PerceptionExperiencesLanguageMaintenance,null
FutureResearchMandiLanguage,BROADER_PERSPECTIVE,DifferentGenerationsVillages,null
SampleSizeStudy,CONSIDERED,19Interviews,null
StateLanguagePolicyAndEducation,ACCELERATES,GaroLanguageMaintenance,null
ParticipantsOfStudy,ARE_HOPEFUL,SustenanceOfGaroLanguage,null
Garo Women,ARE_KNOWN_AS,SkilledBeauticians,null
Santali Cluster in Bangladesh,IS_A_SOCIOLINGUISTIC_SURVEY,"Ahmed, S., Kim, S., Kim, A., & Sangma, M. (2010",null
War-Jaintia in Bangladesh,IS_A_SOCIOLINGUISTIC_SURVEY,"Brightbill, J., Kim, A., & Kim, S. (2007",null
Modhupur Mandi Garo Language,HAS_GRAMMAR_VOLUME_I,"Burling, R. (2003",null
Modhupur Mandi Garo Language,HAS_GRAMMAR_VOLUME_II,"Burling, R. (2004",null
Santals of Bangladesh,IS_REFERENCED_IN,"Cavallaro, F., & Rahman, T. (2009",null
"Language and culture maintenance among Bangladeshi migrants in Southeast Queensland, Australia",IS_A_DOCTORAL_DISSERTATION,"Chowdhury, F. Y. (2019",null
GaroCulture,IS_STUDIED_IN,MarriageRitualsCaseStudy,null
GaroEthnicPeopleInSalForests,ARE_STUDIED_IN,CaseStudyOnGaroEthnicPeople,null
LimburgsAndSwabianImmigrantDialects,ARE_STUDIED_IN,DiglossiaCaseStudy,null
MandiWomen,HAVE_A_TRADITION,TraditionalBeautyRituals,null
MandiWomen,UNDERGO_A_RITUAL,M=6,null
TableA3,CONTAINS,ParticipantDetailsBasedOnProfessions,null
ParticipantDetailsBasedOnProfessions,HAS_PART,MaleParticipants,null
MaleParticipants,CONTAINS,TeacherPrimary,null
MaleParticipants,CONTAINS,PrivateJobNGO,null
MaleParticipants,CONTAINS,DeputyCommissioner,null
MaleParticipants,CONTAINS,Electrician,null
MaleParticipants,CONTAINS,Retired,null
MaleParticipants,HAS_RELATIONSHIP,FemaleParticipants,null
FemaleParticipants,CONTAINS,Sister,null
FemaleParticipants,CONTAINS,Housewife,null
FemaleParticipants,CONTAINS,Student,null
FemaleParticipants,CONTAINS,PA,null
FemaleParticipants,CONTAINS,Un-employee,null
FemaleParticipants,HAS_RELATIONSHIP,OtherProfessions,null
Un-employee,ARE_KNOWN_AS,Male,null
OtherProfessions,CONTAINS,Farmers,null
TableA4,CONTAINS,ParticipantDetails,null
ParticipantDetails,HAS_PART,Gender,null
ParticipantDetails,HAS_PART,AgeGroup,null
ParticipantDetails,HAS_PART,Profession,null
ParticipantDetails,HAS_PART,Religion,null
ParticipantDetails,HAS_PART,Location,null
ParticipantDetails,HAS_RELATIONSHIP,ChristianCommunityMembers,null
ChristianCommunityMembers,CONTAINS,DeputyCommissioner,null
ChristianCommunityMembers,CONTAINS,Electrician,null
ChristianCommunityMembers,CONTAINS,Retired,null
ChristianCommunityMembers,CONTAINS,Sister,null
ChristianCommunityMembers,CONTAINS,PersonalAssistant,null
ChristianCommunityMembers,CONTAINS,Housewife,null
ChristianCommunityMembers,CONTAINS,Unemployee,null
ChristianCommunityMembers,CONTAINS,Student,null
ChristianCommunityMembers,CONTAINS,Teacher,null
ChristianCommunityMembers,CONTAINS,NGOemployee,null
ChristianCommunityMembers,CONTAINS,ManagingDirector,null
ChristianCommunityMembers,CONTAINS,Farmer,null
Teacher,ARE_KNOWN_AS,Female,null
Farmer,ARE_KNOWN_AS,Male,null
